ISO-10303-21;
HEADER;
FILE_DESCRIPTION (( 'STEP AP214' ),
    '1' );
FILE_NAME ('PESD5V5C1BL-QYL.STEP',
    '2025-05-30T05:14:59',
    ( '' ),
    ( '' ),
    'SwSTEP 2.0',
    'SolidWorks 2023',
    '' );
FILE_SCHEMA (( 'AUTOMOTIVE_DESIGN' ));
ENDSEC;

DATA;
#1 = AXIS2_PLACEMENT_3D ( 'NONE', #749, #2006, #1208 ) ;
#2 = EDGE_CURVE ( 'NONE', #158, #1731, #1081, .T. ) ;
#3 = PLANE ( 'NONE',  #636 ) ;
#4 = COLOUR_RGB ( '',0.2862745098039215508, 0.2862745098039215508, 0.2862745098039215508 ) ;
#5 =( LENGTH_UNIT ( ) NAMED_UNIT ( * ) SI_UNIT ( .MILLI., .METRE. ) );
#6 = ORIENTED_EDGE ( 'NONE', *, *, #1121, .F. ) ;
#7 = UNCERTAINTY_MEASURE_WITH_UNIT (LENGTH_MEASURE( 1.000000000000000082E-05 ), #820, 'distance_accuracy_value', 'NONE');
#8 = DIRECTION ( 'NONE',  ( 1.000000000000000000, 0.000000000000000000, 0.000000000000000000 ) ) ;
#9 = VERTEX_POINT ( 'NONE', #630 ) ;
#10 = CARTESIAN_POINT ( 'NONE',  ( 0.4899999999999999911, 0.2899999999999999800, 0.01000000000000000021 ) ) ;
#11 = STYLED_ITEM ( 'NONE', ( #88 ), #1737 ) ;
#12 = LINE ( 'NONE', #615, #909 ) ;
#13 = SURFACE_STYLE_USAGE ( .BOTH. , #1258 ) ;
#14 = MECHANICAL_DESIGN_GEOMETRIC_PRESENTATION_REPRESENTATION (  '', ( #1040 ), #1146 ) ;
#15 = FILL_AREA_STYLE_COLOUR ( '', #1031 ) ;
#16 = EDGE_CURVE ( 'NONE', #587, #1957, #291, .T. ) ;
#17 = SURFACE_STYLE_USAGE ( .BOTH. , #733 ) ;
#18 = EDGE_LOOP ( 'NONE', ( #1522, #1834, #845, #1963 ) ) ;
#19 = DIRECTION ( 'NONE',  ( 0.000000000000000000, 0.000000000000000000, 1.000000000000000000 ) ) ;
#20 = DIRECTION ( 'NONE',  ( 0.000000000000000000, 1.000000000000000000, 0.000000000000000000 ) ) ;
#21 =( NAMED_UNIT ( * ) PLANE_ANGLE_UNIT ( ) SI_UNIT ( $, .RADIAN. ) );
#22 = ORIENTED_EDGE ( 'NONE', *, *, #1087, .F. ) ;
#23 = DIRECTION ( 'NONE',  ( -1.000000000000000000, 0.000000000000000000, 0.000000000000000000 ) ) ;
#24 = FILL_AREA_STYLE ('',( #389 ) ) ;
#25 = PRODUCT_CONTEXT ( 'NONE', #162, 'mechanical' ) ;
#26 = CARTESIAN_POINT ( 'NONE',  ( -0.3649999999999998801, -0.2899999999999998135, 0.4649999999999999689 ) ) ;
#27 = SURFACE_STYLE_USAGE ( .BOTH. , #1431 ) ;
#28 = CARTESIAN_POINT ( 'NONE',  ( -0.4899999999999999911, -0.2899999999999998135, 0.4599999999999999645 ) ) ;
#29 = UNCERTAINTY_MEASURE_WITH_UNIT (LENGTH_MEASURE( 1.000000000000000082E-05 ), #614, 'distance_accuracy_value', 'NONE');
#30 = CARTESIAN_POINT ( 'NONE',  ( -0.2000000000000000389, -0.2500000000000000000, 0.000000000000000000 ) ) ;
#31 =( GEOMETRIC_REPRESENTATION_CONTEXT ( 3 ) GLOBAL_UNCERTAINTY_ASSIGNED_CONTEXT ( ( #1750 ) ) GLOBAL_UNIT_ASSIGNED_CONTEXT ( ( #2009, #1862, #763 ) ) REPRESENTATION_CONTEXT ( 'NONE', 'WORKASPACE' ) );
#32 = SURFACE_SIDE_STYLE ('',( #1459 ) ) ;
#33 =( LENGTH_UNIT ( ) NAMED_UNIT ( * ) SI_UNIT ( .MILLI., .METRE. ) );
#34 = STYLED_ITEM ( 'NONE', ( #367 ), #172 ) ;
#35 = SURFACE_SIDE_STYLE ('',( #978 ) ) ;
#36 = ORIENTED_EDGE ( 'NONE', *, *, #384, .T. ) ;
#37 = COLOUR_RGB ( '',0.8039215686274510109, 0.8039215686274510109, 0.8039215686274510109 ) ;
#38 = EDGE_CURVE ( 'NONE', #1653, #1420, #126, .T. ) ;
#39 = AXIS2_PLACEMENT_3D ( 'NONE', #1568, #948, #343 ) ;
#40 =( LENGTH_UNIT ( ) NAMED_UNIT ( * ) SI_UNIT ( .MILLI., .METRE. ) );
#41 = COLOUR_RGB ( '',0.2862745098039215508, 0.2862745098039215508, 0.2862745098039215508 ) ;
#42 = ORIENTED_EDGE ( 'NONE', *, *, #1216, .T. ) ;
#43 = SURFACE_SIDE_STYLE ('',( #1109 ) ) ;
#44 = CIRCLE ( 'NONE', #973, 0.01000000000000002623 ) ;
#45 = DIRECTION ( 'NONE',  ( 0.000000000000000000, 0.000000000000000000, -1.000000000000000000 ) ) ;
#46 = AXIS2_PLACEMENT_3D ( 'NONE', #1866, #633, #652 ) ;
#47 = DIRECTION ( 'NONE',  ( 0.000000000000000000, 0.000000000000000000, 1.000000000000000000 ) ) ;
#48 =( LENGTH_UNIT ( ) NAMED_UNIT ( * ) SI_UNIT ( .MILLI., .METRE. ) );
#49 = EDGE_CURVE ( 'NONE', #727, #1618, #530, .T. ) ;
#50 = DIRECTION ( 'NONE',  ( 0.000000000000000000, 0.000000000000000000, 1.000000000000000000 ) ) ;
#51 = PRESENTATION_STYLE_ASSIGNMENT (( #819 ) ) ;
#52 = DIRECTION ( 'NONE',  ( 1.000000000000000000, -0.000000000000000000, 0.000000000000000000 ) ) ;
#53 =( NAMED_UNIT ( * ) PLANE_ANGLE_UNIT ( ) SI_UNIT ( $, .RADIAN. ) );
#54 = DIRECTION ( 'NONE',  ( 0.000000000000000000, 0.000000000000000000, 1.000000000000000000 ) ) ;
#55 =( NAMED_UNIT ( * ) PLANE_ANGLE_UNIT ( ) SI_UNIT ( $, .RADIAN. ) );
#56 =( NAMED_UNIT ( * ) SI_UNIT ( $, .STERADIAN. ) SOLID_ANGLE_UNIT ( ) );
#57 = SURFACE_SIDE_STYLE ('',( #963 ) ) ;
#58 = CARTESIAN_POINT ( 'NONE',  ( -0.3649999999999999911, 0.2899999999999999800, 0.4699999999999999734 ) ) ;
#59 = STYLED_ITEM ( 'NONE', ( #474 ), #221 ) ;
#60 = CIRCLE ( 'NONE', #816, 0.01000000000000000021 ) ;
#61 = SURFACE_STYLE_FILL_AREA ( #979 ) ;
#62 = ORIENTED_EDGE ( 'NONE', *, *, #257, .T. ) ;
#63 = AXIS2_PLACEMENT_3D ( 'NONE', #1535, #1041, #1809 ) ;
#64 = DIRECTION ( 'NONE',  ( 0.000000000000000000, 0.000000000000000000, -1.000000000000000000 ) ) ;
#65 = DIRECTION ( 'NONE',  ( 0.000000000000000000, -0.000000000000000000, 1.000000000000000000 ) ) ;
#66 = DIRECTION ( 'NONE',  ( 0.000000000000000000, 0.000000000000000000, -1.000000000000000000 ) ) ;
#67 = MECHANICAL_DESIGN_GEOMETRIC_PRESENTATION_REPRESENTATION (  '', ( #1468 ), #661 ) ;
#68 = CIRCLE ( 'NONE', #632, 0.01000000000000002623 ) ;
#69 = VERTEX_POINT ( 'NONE', #771 ) ;
#70 = CARTESIAN_POINT ( 'NONE',  ( -0.5000000000000000000, 0.3000000000000000444, 0.01000000000000002623 ) ) ;
#71 = VECTOR ( 'NONE', #1245, 1000.000000000000000 ) ;
#72 =( NAMED_UNIT ( * ) PLANE_ANGLE_UNIT ( ) SI_UNIT ( $, .RADIAN. ) );
#73 = FILL_AREA_STYLE ('',( #1616 ) ) ;
#74 = MECHANICAL_DESIGN_GEOMETRIC_PRESENTATION_REPRESENTATION (  '', ( #1543 ), #849 ) ;
#75 = CARTESIAN_POINT ( 'NONE',  ( -0.3649999999999999911, 0.2899999999999999800, 0.4699999999999999734 ) ) ;
#76 = ADVANCED_FACE ( 'NONE', ( #1387 ), #1242, .F. ) ;
#77 = AXIS2_PLACEMENT_3D ( 'NONE', #1187, #1806, #591 ) ;
#78 = COLOUR_RGB ( '',0.2862745098039215508, 0.2862745098039215508, 0.2862745098039215508 ) ;
#79 = EDGE_LOOP ( 'NONE', ( #568, #1195, #492, #22 ) ) ;
#80 = MECHANICAL_DESIGN_GEOMETRIC_PRESENTATION_REPRESENTATION (  '', ( #1516 ), #1764 ) ;
#81 = LINE ( 'NONE', #999, #641 ) ;
#82 = CARTESIAN_POINT ( 'NONE',  ( 0.2000000000000000389, 0.2499999999999998890, -0.02999999999999999889 ) ) ;
#83 = ORIENTED_EDGE ( 'NONE', *, *, #863, .F. ) ;
#84 =( NAMED_UNIT ( * ) SI_UNIT ( $, .STERADIAN. ) SOLID_ANGLE_UNIT ( ) );
#85 = FILL_AREA_STYLE_COLOUR ( '', #766 ) ;
#86 = VERTEX_POINT ( 'NONE', #1560 ) ;
#87 = CARTESIAN_POINT ( 'NONE',  ( 0.000000000000000000, 0.000000000000000000, -0.02999999999999999889 ) ) ;
#88 = PRESENTATION_STYLE_ASSIGNMENT (( #413 ) ) ;
#89 = UNCERTAINTY_MEASURE_WITH_UNIT (LENGTH_MEASURE( 1.000000000000000082E-05 ), #40, 'distance_accuracy_value', 'NONE');
#90 = FILL_AREA_STYLE ('',( #1487 ) ) ;
#91 = ORIENTED_EDGE ( 'NONE', *, *, #1075, .F. ) ;
#92 = ORIENTED_EDGE ( 'NONE', *, *, #1808, .T. ) ;
#93 = FILL_AREA_STYLE ('',( #85 ) ) ;
#94 = ORIENTED_EDGE ( 'NONE', *, *, #384, .F. ) ;
#95 = PRESENTATION_LAYER_ASSIGNMENT (  '', '', ( #34 ) ) ;
#96 = CARTESIAN_POINT ( 'NONE',  ( 0.4899999999999999911, -0.2999999999999998779, 0.01000000000000002623 ) ) ;
#97 = SURFACE_STYLE_FILL_AREA ( #258 ) ;
#98 =( GEOMETRIC_REPRESENTATION_CONTEXT ( 3 ) GLOBAL_UNCERTAINTY_ASSIGNED_CONTEXT ( ( #877 ) ) GLOBAL_UNIT_ASSIGNED_CONTEXT ( ( #1319, #998, #865 ) ) REPRESENTATION_CONTEXT ( 'NONE', 'WORKASPACE' ) );
#99 = LINE ( 'NONE', #1769, #1181 ) ;
#100 = EDGE_CURVE ( 'NONE', #1336, #275, #1367, .T. ) ;
#101 = ORIENTED_EDGE ( 'NONE', *, *, #229, .F. ) ;
#102 = CARTESIAN_POINT ( 'NONE',  ( 0.4899999999999999911, 0.3000000000000000444, 0.01000000000000002623 ) ) ;
#103 = ORIENTED_EDGE ( 'NONE', *, *, #992, .T. ) ;
#104 = COLOUR_RGB ( '',0.8039215686274510109, 0.8039215686274510109, 0.8039215686274510109 ) ;
#105 = CARTESIAN_POINT ( 'NONE',  ( -0.4899999999999999911, 0.2899999999999999800, 0.4649999999999999689 ) ) ;
#106 = PLANE ( 'NONE',  #1888 ) ;
#107 = DIRECTION ( 'NONE',  ( 0.000000000000000000, 0.000000000000000000, -1.000000000000000000 ) ) ;
#108 = STYLED_ITEM ( 'NONE', ( #1889 ), #1140 ) ;
#109 = CARTESIAN_POINT ( 'NONE',  ( -0.1999999999999999833, 0.2499999999999999445, -0.02999999999999999889 ) ) ;
#110 = CIRCLE ( 'NONE', #244, 0.01000000000000002623 ) ;
#111 = ORIENTED_EDGE ( 'NONE', *, *, #1689, .F. ) ;
#112 = AXIS2_PLACEMENT_3D ( 'NONE', #831, #1598, #1455 ) ;
#113 = PRESENTATION_LAYER_ASSIGNMENT (  '', '', ( #1211 ) ) ;
#114 = FACE_OUTER_BOUND ( 'NONE', #1082, .T. ) ;
#115 = SURFACE_SIDE_STYLE ('',( #97 ) ) ;
#116 = DIRECTION ( 'NONE',  ( -1.000000000000000000, 0.000000000000000000, 0.000000000000000000 ) ) ;
#117 =( GEOMETRIC_REPRESENTATION_CONTEXT ( 3 ) GLOBAL_UNCERTAINTY_ASSIGNED_CONTEXT ( ( #1123 ) ) GLOBAL_UNIT_ASSIGNED_CONTEXT ( ( #1619, #332, #676 ) ) REPRESENTATION_CONTEXT ( 'NONE', 'WORKASPACE' ) );
#118 = PRESENTATION_LAYER_ASSIGNMENT (  '', '', ( #977 ) ) ;
#119 = ORIENTED_EDGE ( 'NONE', *, *, #1549, .T. ) ;
#120 = ORIENTED_EDGE ( 'NONE', *, *, #365, .T. ) ;
#121 = EDGE_CURVE ( 'NONE', #127, #284, #170, .T. ) ;
#122 = SURFACE_STYLE_FILL_AREA ( #1515 ) ;
#123 = SURFACE_STYLE_USAGE ( .BOTH. , #1072 ) ;
#124 = CARTESIAN_POINT ( 'NONE',  ( 0.1999999999999999278, -0.2500000000000000555, -0.02999999999999999889 ) ) ;
#125 =( LENGTH_UNIT ( ) NAMED_UNIT ( * ) SI_UNIT ( .MILLI., .METRE. ) );
#126 = LINE ( 'NONE', #919, #1891 ) ;
#127 = VERTEX_POINT ( 'NONE', #1983 ) ;
#128 =( NAMED_UNIT ( * ) SI_UNIT ( $, .STERADIAN. ) SOLID_ANGLE_UNIT ( ) );
#129 = PLANE ( 'NONE',  #1928 ) ;
#130 = EDGE_CURVE ( 'NONE', #284, #158, #779, .T. ) ;
#131 = SURFACE_SIDE_STYLE ('',( #1525 ) ) ;
#132 = VECTOR ( 'NONE', #951, 1000.000000000000000 ) ;
#133 = SURFACE_STYLE_FILL_AREA ( #1191 ) ;
#134 = LINE ( 'NONE', #1238, #1176 ) ;
#135 = FACE_OUTER_BOUND ( 'NONE', #627, .T. ) ;
#136 =( GEOMETRIC_REPRESENTATION_CONTEXT ( 3 ) GLOBAL_UNCERTAINTY_ASSIGNED_CONTEXT ( ( #1497 ) ) GLOBAL_UNIT_ASSIGNED_CONTEXT ( ( #48, #55, #1104 ) ) REPRESENTATION_CONTEXT ( 'NONE', 'WORKASPACE' ) );
#137 = ORIENTED_EDGE ( 'NONE', *, *, #121, .T. ) ;
#138 = EDGE_LOOP ( 'NONE', ( #226, #1970, #795, #1228 ) ) ;
#139 = AXIS2_PLACEMENT_3D ( 'NONE', #1114, #487, #47 ) ;
#140 = CARTESIAN_POINT ( 'NONE',  ( 0.4899999999999999911, 0.000000000000000000, 0.4599999999999999645 ) ) ;
#141 = PRESENTATION_STYLE_ASSIGNMENT (( #2000 ) ) ;
#142 = DIRECTION ( 'NONE',  ( 3.738628180984500581E-16, -1.000000000000000000, 0.000000000000000000 ) ) ;
#143 = MECHANICAL_DESIGN_GEOMETRIC_PRESENTATION_REPRESENTATION (  '', ( #467 ), #719 ) ;
#144 = PRESENTATION_STYLE_ASSIGNMENT (( #753 ) ) ;
#145 = FILL_AREA_STYLE ('',( #1360 ) ) ;
#146 = EDGE_CURVE ( 'NONE', #252, #1014, #906, .T. ) ;
#147 = MECHANICAL_DESIGN_GEOMETRIC_PRESENTATION_REPRESENTATION (  '', ( #1900 ), #1663 ) ;
#148 = VECTOR ( 'NONE', #1942, 1000.000000000000000 ) ;
#149 = MANIFOLD_SOLID_BREP ( 'Boss-Extrude2[2]', #932 ) ;
#150 = FILL_AREA_STYLE_COLOUR ( '', #818 ) ;
#151 =( NAMED_UNIT ( * ) PLANE_ANGLE_UNIT ( ) SI_UNIT ( $, .RADIAN. ) );
#152 = AXIS2_PLACEMENT_3D ( 'NONE', #1832, #1043, #1995 ) ;
#153 = FILL_AREA_STYLE_COLOUR ( '', #41 ) ;
#154 = SURFACE_STYLE_USAGE ( .BOTH. , #892 ) ;
#155 = CARTESIAN_POINT ( 'NONE',  ( 0.5000000000000000000, 0.2899999999999999800, 0.4599999999999999645 ) ) ;
#156 =( NAMED_UNIT ( * ) SI_UNIT ( $, .STERADIAN. ) SOLID_ANGLE_UNIT ( ) );
#157 = FILL_AREA_STYLE ('',( #2014 ) ) ;
#158 = VERTEX_POINT ( 'NONE', #1298 ) ;
#159 = UNCERTAINTY_MEASURE_WITH_UNIT (LENGTH_MEASURE( 1.000000000000000082E-05 ), #457, 'distance_accuracy_value', 'NONE');
#160 = ADVANCED_FACE ( 'NONE', ( #935 ), #1541, .F. ) ;
#161 = PRESENTATION_STYLE_ASSIGNMENT (( #273 ) ) ;
#162 = APPLICATION_CONTEXT ( 'automotive_design' ) ;
#163 = FACE_OUTER_BOUND ( 'NONE', #1185, .T. ) ;
#164 = DIRECTION ( 'NONE',  ( -1.869314090492250291E-16, 1.000000000000000000, 0.000000000000000000 ) ) ;
#165 = CARTESIAN_POINT ( 'NONE',  ( 0.000000000000000000, 0.2899999999999999800, 0.4699999999999999734 ) ) ;
#166 = DIRECTION ( 'NONE',  ( -0.000000000000000000, -0.000000000000000000, 1.000000000000000000 ) ) ;
#167 = CARTESIAN_POINT ( 'NONE',  ( 0.4500000000000000111, -0.2500000000000001665, 0.000000000000000000 ) ) ;
#168 =( LENGTH_UNIT ( ) NAMED_UNIT ( * ) SI_UNIT ( .MILLI., .METRE. ) );
#169 =( GEOMETRIC_REPRESENTATION_CONTEXT ( 3 ) GLOBAL_UNCERTAINTY_ASSIGNED_CONTEXT ( ( #29 ) ) GLOBAL_UNIT_ASSIGNED_CONTEXT ( ( #614, #151, #1230 ) ) REPRESENTATION_CONTEXT ( 'NONE', 'WORKASPACE' ) );
#170 = LINE ( 'NONE', #1552, #173 ) ;
#171 = ORIENTED_EDGE ( 'NONE', *, *, #100, .F. ) ;
#172 = ADVANCED_FACE ( 'NONE', ( #1574 ), #1118, .T. ) ;
#173 = VECTOR ( 'NONE', #787, 1000.000000000000000 ) ;
#174 = CARTESIAN_POINT ( 'NONE',  ( 0.4899999999999999911, -0.2899999999999998135, 0.000000000000000000 ) ) ;
#175 = FILL_AREA_STYLE_COLOUR ( '', #912 ) ;
#176 = PRESENTATION_LAYER_ASSIGNMENT (  '', '', ( #1374 ) ) ;
#177 = PRESENTATION_LAYER_ASSIGNMENT (  '', '', ( #687 ) ) ;
#178 = AXIS2_PLACEMENT_3D ( 'NONE', #1427, #1913, #1890 ) ;
#179 = PRESENTATION_STYLE_ASSIGNMENT (( #1088 ) ) ;
#180 = EDGE_LOOP ( 'NONE', ( #1936, #283, #120, #927 ) ) ;
#181 = FACE_OUTER_BOUND ( 'NONE', #1874, .T. ) ;
#182 = FILL_AREA_STYLE_COLOUR ( '', #1919 ) ;
#183 = ORIENTED_EDGE ( 'NONE', *, *, #1549, .F. ) ;
#184 =( NAMED_UNIT ( * ) PLANE_ANGLE_UNIT ( ) SI_UNIT ( $, .RADIAN. ) );
#185 =( LENGTH_UNIT ( ) NAMED_UNIT ( * ) SI_UNIT ( .MILLI., .METRE. ) );
#186 = CIRCLE ( 'NONE', #1828, 0.01000000000000000021 ) ;
#187 = SURFACE_SIDE_STYLE ('',( #1267 ) ) ;
#188 = ORIENTED_EDGE ( 'NONE', *, *, #567, .T. ) ;
#189 = DIRECTION ( 'NONE',  ( 0.000000000000000000, 1.000000000000000000, 0.000000000000000000 ) ) ;
#190 =( NAMED_UNIT ( * ) SI_UNIT ( $, .STERADIAN. ) SOLID_ANGLE_UNIT ( ) );
#191 = ORIENTED_EDGE ( 'NONE', *, *, #1783, .F. ) ;
#192 = FACE_OUTER_BOUND ( 'NONE', #1943, .T. ) ;
#193 = CYLINDRICAL_SURFACE ( 'NONE', #1000, 0.01000000000000002623 ) ;
#194 = ORIENTED_EDGE ( 'NONE', *, *, #1202, .F. ) ;
#195 = MANIFOLD_SOLID_BREP ( 'Boss-Extrude3', #340 ) ;
#196 =( NAMED_UNIT ( * ) PLANE_ANGLE_UNIT ( ) SI_UNIT ( $, .RADIAN. ) );
#197 = SURFACE_STYLE_FILL_AREA ( #1424 ) ;
#198 = MECHANICAL_DESIGN_GEOMETRIC_PRESENTATION_REPRESENTATION (  '', ( #369 ), #31 ) ;
#199 = VERTEX_POINT ( 'NONE', #721 ) ;
#200 = LINE ( 'NONE', #930, #846 ) ;
#201 = AXIS2_PLACEMENT_3D ( 'NONE', #1353, #1802, #301 ) ;
#202 = ADVANCED_FACE ( 'NONE', ( #1637 ), #1448, .F. ) ;
#203 = LINE ( 'NONE', #1581, #132 ) ;
#204 = CIRCLE ( 'NONE', #938, 0.01000000000000002623 ) ;
#205 = ADVANCED_FACE ( 'NONE', ( #1338 ), #1308, .T. ) ;
#206 = PRESENTATION_LAYER_ASSIGNMENT (  '', '', ( #1573 ) ) ;
#207 = LINE ( 'NONE', #1884, #1697 ) ;
#208 = DIRECTION ( 'NONE',  ( 0.000000000000000000, 0.000000000000000000, -1.000000000000000000 ) ) ;
#209 = MECHANICAL_DESIGN_GEOMETRIC_PRESENTATION_REPRESENTATION (  '', ( #1033 ), #823 ) ;
#210 = CARTESIAN_POINT ( 'NONE',  ( 0.4899999999999999911, -0.2899999999999998135, 0.4699999999999999734 ) ) ;
#211 = MANIFOLD_SOLID_BREP ( 'Boss-Extrude2[1]', #370 ) ;
#212 =( NAMED_UNIT ( * ) PLANE_ANGLE_UNIT ( ) SI_UNIT ( $, .RADIAN. ) );
#213 = AXIS2_PLACEMENT_3D ( 'NONE', #1313, #726, #705 ) ;
#214 =( GEOMETRIC_REPRESENTATION_CONTEXT ( 3 ) GLOBAL_UNCERTAINTY_ASSIGNED_CONTEXT ( ( #1538 ) ) GLOBAL_UNIT_ASSIGNED_CONTEXT ( ( #1490, #439, #872 ) ) REPRESENTATION_CONTEXT ( 'NONE', 'WORKASPACE' ) );
#215 = PRODUCT_DEFINITION_FORMATION_WITH_SPECIFIED_SOURCE ( 'ANY', '', #394, .NOT_KNOWN. ) ;
#216 = SURFACE_STYLE_FILL_AREA ( #1908 ) ;
#217 = PRODUCT_DEFINITION_CONTEXT ( 'detailed design', #372, 'design' ) ;
#218 = PRESENTATION_STYLE_ASSIGNMENT (( #1221 ) ) ;
#219 = FILL_AREA_STYLE_COLOUR ( '', #1103 ) ;
#220 =( NAMED_UNIT ( * ) SI_UNIT ( $, .STERADIAN. ) SOLID_ANGLE_UNIT ( ) );
#221 = ADVANCED_FACE ( 'NONE', ( #1518 ), #902, .F. ) ;
#222 =( NAMED_UNIT ( * ) SI_UNIT ( $, .STERADIAN. ) SOLID_ANGLE_UNIT ( ) );
#223 = FILL_AREA_STYLE_COLOUR ( '', #104 ) ;
#224 = FACE_OUTER_BOUND ( 'NONE', #904, .T. ) ;
#225 =( NAMED_UNIT ( * ) PLANE_ANGLE_UNIT ( ) SI_UNIT ( $, .RADIAN. ) );
#226 = ORIENTED_EDGE ( 'NONE', *, *, #1327, .T. ) ;
#227 =( LENGTH_UNIT ( ) NAMED_UNIT ( * ) SI_UNIT ( .MILLI., .METRE. ) );
#228 = FILL_AREA_STYLE ('',( #1499 ) ) ;
#229 = EDGE_CURVE ( 'NONE', #1720, #411, #1462, .T. ) ;
#230 = SURFACE_STYLE_FILL_AREA ( #1502 ) ;
#231 = CARTESIAN_POINT ( 'NONE',  ( -0.4899999999999999911, -0.2899999999999998135, 0.01000000000000002623 ) ) ;
#232 = CIRCLE ( 'NONE', #1169, 0.01000000000000002623 ) ;
#233 = VECTOR ( 'NONE', #302, 1000.000000000000000 ) ;
#234 = ORIENTED_EDGE ( 'NONE', *, *, #1667, .T. ) ;
#235 =( GEOMETRIC_REPRESENTATION_CONTEXT ( 3 ) GLOBAL_UNCERTAINTY_ASSIGNED_CONTEXT ( ( #809 ) ) GLOBAL_UNIT_ASSIGNED_CONTEXT ( ( #125, #1269, #794 ) ) REPRESENTATION_CONTEXT ( 'NONE', 'WORKASPACE' ) );
#236 = CYLINDRICAL_SURFACE ( 'NONE', #1213, 0.01000000000000000021 ) ;
#237 = SURFACE_STYLE_USAGE ( .BOTH. , #1153 ) ;
#238 = CARTESIAN_POINT ( 'NONE',  ( 0.5000000000000000000, 0.2899999999999999800, 0.01000000000000002623 ) ) ;
#239 = UNCERTAINTY_MEASURE_WITH_UNIT (LENGTH_MEASURE( 1.000000000000000082E-05 ), #878, 'distance_accuracy_value', 'NONE');
#240 = COLOUR_RGB ( '',0.2862745098039215508, 0.2862745098039215508, 0.2862745098039215508 ) ;
#241 = VERTEX_POINT ( 'NONE', #924 ) ;
#242 = AXIS2_PLACEMENT_3D ( 'NONE', #861, #993, #263 ) ;
#243 = FILL_AREA_STYLE ('',( #1629 ) ) ;
#244 = AXIS2_PLACEMENT_3D ( 'NONE', #231, #843, #965 ) ;
#245 = PRESENTATION_LAYER_ASSIGNMENT (  '', '', ( #541 ) ) ;
#246 = STYLED_ITEM ( 'NONE', ( #269 ), #1612 ) ;
#247 = ORIENTED_EDGE ( 'NONE', *, *, #1680, .T. ) ;
#248 = AXIS2_PLACEMENT_3D ( 'NONE', #857, #738, #556 ) ;
#249 = SURFACE_STYLE_FILL_AREA ( #1485 ) ;
#250 = CARTESIAN_POINT ( 'NONE',  ( -0.3649999999999998801, -0.2899999999999998135, 0.4649999999999999689 ) ) ;
#251 = SURFACE_SIDE_STYLE ('',( #858 ) ) ;
#252 = VERTEX_POINT ( 'NONE', #1384 ) ;
#253 = ORIENTED_EDGE ( 'NONE', *, *, #1991, .F. ) ;
#254 = FACE_OUTER_BOUND ( 'NONE', #1155, .T. ) ;
#255 = CARTESIAN_POINT ( 'NONE',  ( -0.5000000000000000000, -0.2899999999999998135, 0.01000000000000002623 ) ) ;
#256 = ORIENTED_EDGE ( 'NONE', *, *, #1458, .F. ) ;
#257 = EDGE_CURVE ( 'NONE', #879, #351, #311, .T. ) ;
#258 = FILL_AREA_STYLE ('',( #1649 ) ) ;
#259 = DIRECTION ( 'NONE',  ( 0.000000000000000000, 0.000000000000000000, 1.000000000000000000 ) ) ;
#260 = CARTESIAN_POINT ( 'NONE',  ( 0.4899999999999999911, -0.2899999999999998135, 0.4599999999999999645 ) ) ;
#261 = EDGE_LOOP ( 'NONE', ( #1679, #436, #247, #1054 ) ) ;
#262 = ORIENTED_EDGE ( 'NONE', *, *, #546, .T. ) ;
#263 = DIRECTION ( 'NONE',  ( -1.000000000000000000, 0.000000000000000000, -0.000000000000000000 ) ) ;
#264 =( NAMED_UNIT ( * ) SI_UNIT ( $, .STERADIAN. ) SOLID_ANGLE_UNIT ( ) );
#265 = VECTOR ( 'NONE', #1025, 1000.000000000000000 ) ;
#266 = EDGE_LOOP ( 'NONE', ( #880, #558, #101, #1510 ) ) ;
#267 = VECTOR ( 'NONE', #620, 1000.000000000000000 ) ;
#268 = ADVANCED_FACE ( 'NONE', ( #1078 ), #1701, .T. ) ;
#269 = PRESENTATION_STYLE_ASSIGNMENT (( #1019 ) ) ;
#270 =( LENGTH_UNIT ( ) NAMED_UNIT ( * ) SI_UNIT ( .MILLI., .METRE. ) );
#271 = PRESENTATION_LAYER_ASSIGNMENT (  '', '', ( #59 ) ) ;
#272 = CARTESIAN_POINT ( 'NONE',  ( -0.4899999999999999911, 0.2899999999999999800, 0.4599999999999999645 ) ) ;
#273 = SURFACE_STYLE_USAGE ( .BOTH. , #1823 ) ;
#274 = MECHANICAL_DESIGN_GEOMETRIC_PRESENTATION_REPRESENTATION (  '', ( #687 ), #821 ) ;
#275 = VERTEX_POINT ( 'NONE', #1592 ) ;
#276 = ORIENTED_EDGE ( 'NONE', *, *, #1648, .F. ) ;
#277 = MECHANICAL_DESIGN_GEOMETRIC_PRESENTATION_REPRESENTATION (  '', ( #1504 ), #1930 ) ;
#278 = VECTOR ( 'NONE', #356, 1000.000000000000000 ) ;
#279 = SURFACE_STYLE_FILL_AREA ( #1661 ) ;
#280 = STYLED_ITEM ( 'NONE', ( #1838 ), #1493 ) ;
#281 = LINE ( 'NONE', #250, #1348 ) ;
#282 = PRESENTATION_LAYER_ASSIGNMENT (  '', '', ( #1040 ) ) ;
#283 = ORIENTED_EDGE ( 'NONE', *, *, #100, .T. ) ;
#284 = VERTEX_POINT ( 'NONE', #1738 ) ;
#285 = SURFACE_SIDE_STYLE ('',( #1674 ) ) ;
#286 = PRESENTATION_STYLE_ASSIGNMENT (( #1197 ) ) ;
#287 = PRESENTATION_STYLE_ASSIGNMENT (( #123 ) ) ;
#288 = DIRECTION ( 'NONE',  ( -0.000000000000000000, 1.000000000000000000, -0.000000000000000000 ) ) ;
#289 = PLANE ( 'NONE',  #609 ) ;
#290 = FACE_OUTER_BOUND ( 'NONE', #420, .T. ) ;
#291 = LINE ( 'NONE', #1408, #1198 ) ;
#292 = VERTEX_POINT ( 'NONE', #1711 ) ;
#293 = DIRECTION ( 'NONE',  ( -1.000000000000000000, 0.000000000000000000, 0.000000000000000000 ) ) ;
#294 = EDGE_CURVE ( 'NONE', #1489, #1505, #1250, .T. ) ;
#295 = SURFACE_STYLE_FILL_AREA ( #606 ) ;
#296 =( NAMED_UNIT ( * ) PLANE_ANGLE_UNIT ( ) SI_UNIT ( $, .RADIAN. ) );
#297 = CARTESIAN_POINT ( 'NONE',  ( 0.4500000000000000111, 0.2499999999999998335, -0.02999999999999999889 ) ) ;
#298 = ORIENTED_EDGE ( 'NONE', *, *, #1302, .T. ) ;
#299 = UNCERTAINTY_MEASURE_WITH_UNIT (LENGTH_MEASURE( 1.000000000000000082E-05 ), #1481, 'distance_accuracy_value', 'NONE');
#300 = SURFACE_SIDE_STYLE ('',( #778 ) ) ;
#301 = DIRECTION ( 'NONE',  ( 1.000000000000000000, 0.000000000000000000, 0.000000000000000000 ) ) ;
#302 = DIRECTION ( 'NONE',  ( 3.738628180984499595E-16, -1.000000000000000000, 0.000000000000000000 ) ) ;
#303 = PLANE ( 'NONE',  #1399 ) ;
#304 = DIRECTION ( 'NONE',  ( 1.000000000000000000, -0.000000000000000000, 0.000000000000000000 ) ) ;
#305 = PRESENTATION_LAYER_ASSIGNMENT (  '', '', ( #1065 ) ) ;
#306 = FILL_AREA_STYLE_COLOUR ( '', #345 ) ;
#307 =( GEOMETRIC_REPRESENTATION_CONTEXT ( 3 ) GLOBAL_UNCERTAINTY_ASSIGNED_CONTEXT ( ( #1162 ) ) GLOBAL_UNIT_ASSIGNED_CONTEXT ( ( #1837, #1688, #910 ) ) REPRESENTATION_CONTEXT ( 'NONE', 'WORKASPACE' ) );
#308 = EDGE_CURVE ( 'NONE', #1894, #1777, #994, .T. ) ;
#309 = PRESENTATION_LAYER_ASSIGNMENT (  '', '', ( #1171 ) ) ;
#310 = COLOUR_RGB ( '',0.2862745098039215508, 0.2862745098039215508, 0.2862745098039215508 ) ;
#311 = LINE ( 'NONE', #913, #842 ) ;
#312 =( NAMED_UNIT ( * ) PLANE_ANGLE_UNIT ( ) SI_UNIT ( $, .RADIAN. ) );
#313 =( NAMED_UNIT ( * ) SI_UNIT ( $, .STERADIAN. ) SOLID_ANGLE_UNIT ( ) );
#314 = STYLED_ITEM ( 'NONE', ( #537 ), #1561 ) ;
#315 = SPHERICAL_SURFACE ( 'NONE', #201, 0.01000000000000000021 ) ;
#316 = VERTEX_POINT ( 'NONE', #664 ) ;
#317 = AXIS2_PLACEMENT_3D ( 'NONE', #378, #1456, #485 ) ;
#318 = VERTEX_POINT ( 'NONE', #334 ) ;
#319 = PRESENTATION_STYLE_ASSIGNMENT (( #1544 ) ) ;
#320 = PRESENTATION_STYLE_ASSIGNMENT (( #623 ) ) ;
#321 = CARTESIAN_POINT ( 'NONE',  ( -0.3649999999999999911, 0.2899999999999999800, 0.4649999999999999689 ) ) ;
#322 = PRODUCT_DEFINITION ( 'UNKNOWN', '', #215, #217 ) ;
#323 = FILL_AREA_STYLE_COLOUR ( '', #1446 ) ;
#324 =( LENGTH_UNIT ( ) NAMED_UNIT ( * ) SI_UNIT ( .MILLI., .METRE. ) );
#325 = ORIENTED_EDGE ( 'NONE', *, *, #983, .F. ) ;
#326 = UNCERTAINTY_MEASURE_WITH_UNIT (LENGTH_MEASURE( 1.000000000000000082E-05 ), #1524, 'distance_accuracy_value', 'NONE');
#327 = DIRECTION ( 'NONE',  ( 1.000000000000000000, 0.000000000000000000, 0.000000000000000000 ) ) ;
#328 = DIRECTION ( 'NONE',  ( 1.000000000000000000, 0.000000000000000000, 0.000000000000000000 ) ) ;
#329 = ORIENTED_EDGE ( 'NONE', *, *, #1458, .T. ) ;
#330 = LINE ( 'NONE', #1257, #1717 ) ;
#331 = DIRECTION ( 'NONE',  ( -0.000000000000000000, -0.000000000000000000, 1.000000000000000000 ) ) ;
#332 =( NAMED_UNIT ( * ) PLANE_ANGLE_UNIT ( ) SI_UNIT ( $, .RADIAN. ) );
#333 = CARTESIAN_POINT ( 'NONE',  ( -0.2000000000000000389, -0.2500000000000000000, 0.000000000000000000 ) ) ;
#334 = CARTESIAN_POINT ( 'NONE',  ( -0.2000000000000000389, -0.2500000000000000000, -0.02999999999999999889 ) ) ;
#335 =( GEOMETRIC_REPRESENTATION_CONTEXT ( 3 ) GLOBAL_UNCERTAINTY_ASSIGNED_CONTEXT ( ( #1587 ) ) GLOBAL_UNIT_ASSIGNED_CONTEXT ( ( #324, #296, #1237 ) ) REPRESENTATION_CONTEXT ( 'NONE', 'WORKASPACE' ) );
#336 =( LENGTH_UNIT ( ) NAMED_UNIT ( * ) SI_UNIT ( .MILLI., .METRE. ) );
#337 = VECTOR ( 'NONE', #166, 1000.000000000000000 ) ;
#338 = DIRECTION ( 'NONE',  ( -1.000000000000000000, 0.000000000000000000, -0.000000000000000000 ) ) ;
#339 = ORIENTED_EDGE ( 'NONE', *, *, #612, .F. ) ;
#340 = CLOSED_SHELL ( 'NONE', ( #406, #654, #268, #1397, #1655, #956 ) ) ;
#341 = CYLINDRICAL_SURFACE ( 'NONE', #1098, 0.01000000000000002623 ) ;
#342 =( GEOMETRIC_REPRESENTATION_CONTEXT ( 3 ) GLOBAL_UNCERTAINTY_ASSIGNED_CONTEXT ( ( #1810 ) ) GLOBAL_UNIT_ASSIGNED_CONTEXT ( ( #1885, #21, #1130 ) ) REPRESENTATION_CONTEXT ( 'NONE', 'WORKASPACE' ) );
#343 = DIRECTION ( 'NONE',  ( -1.000000000000000000, 0.000000000000000000, 0.000000000000000000 ) ) ;
#344 = COLOUR_RGB ( '',0.9607843137254902244, 0.9607843137254902244, 0.9607843137254902244 ) ;
#345 = COLOUR_RGB ( '',0.2862745098039215508, 0.2862745098039215508, 0.2862745098039215508 ) ;
#346 = MECHANICAL_DESIGN_GEOMETRIC_PRESENTATION_REPRESENTATION (  '', ( #108 ), #1726 ) ;
#347 = ORIENTED_EDGE ( 'NONE', *, *, #1798, .T. ) ;
#348 = UNCERTAINTY_MEASURE_WITH_UNIT (LENGTH_MEASURE( 1.000000000000000082E-05 ), #168, 'distance_accuracy_value', 'NONE');
#349 = CARTESIAN_POINT ( 'NONE',  ( -0.4899999999999999911, -0.2899999999999998135, 0.4599999999999999645 ) ) ;
#350 =( LENGTH_UNIT ( ) NAMED_UNIT ( * ) SI_UNIT ( .MILLI., .METRE. ) );
#351 = VERTEX_POINT ( 'NONE', #1880 ) ;
#352 =( GEOMETRIC_REPRESENTATION_CONTEXT ( 3 ) GLOBAL_UNCERTAINTY_ASSIGNED_CONTEXT ( ( #1732 ) ) GLOBAL_UNIT_ASSIGNED_CONTEXT ( ( #925, #1871, #1251 ) ) REPRESENTATION_CONTEXT ( 'NONE', 'WORKASPACE' ) );
#353 = UNCERTAINTY_MEASURE_WITH_UNIT (LENGTH_MEASURE( 1.000000000000000082E-05 ), #5, 'distance_accuracy_value', 'NONE');
#354 = VECTOR ( 'NONE', #444, 1000.000000000000000 ) ;
#355 = EDGE_CURVE ( 'NONE', #725, #1505, #495, .T. ) ;
#356 = DIRECTION ( 'NONE',  ( -0.000000000000000000, -0.000000000000000000, 1.000000000000000000 ) ) ;
#357 =( NAMED_UNIT ( * ) PLANE_ANGLE_UNIT ( ) SI_UNIT ( $, .RADIAN. ) );
#358 = CARTESIAN_POINT ( 'NONE',  ( -0.4899999999999999911, 0.2899999999999999800, 0.4699999999999999734 ) ) ;
#359 = ORIENTED_EDGE ( 'NONE', *, *, #1645, .F. ) ;
#360 = FACE_OUTER_BOUND ( 'NONE', #933, .T. ) ;
#361 = DIRECTION ( 'NONE',  ( 0.000000000000000000, -1.000000000000000000, 0.000000000000000000 ) ) ;
#362 = SURFACE_STYLE_USAGE ( .BOTH. , #1727 ) ;
#363 = FILL_AREA_STYLE_COLOUR ( '', #310 ) ;
#364 =( NAMED_UNIT ( * ) PLANE_ANGLE_UNIT ( ) SI_UNIT ( $, .RADIAN. ) );
#365 = EDGE_CURVE ( 'NONE', #275, #395, #1419, .T. ) ;
#366 = CARTESIAN_POINT ( 'NONE',  ( 0.000000000000000000, -0.2899999999999998135, 0.4699999999999999734 ) ) ;
#367 = PRESENTATION_STYLE_ASSIGNMENT (( #525 ) ) ;
#368 = SURFACE_STYLE_FILL_AREA ( #1277 ) ;
#369 = STYLED_ITEM ( 'NONE', ( #141 ), #446 ) ;
#370 = CLOSED_SHELL ( 'NONE', ( #1577, #1737, #221, #1493, #202, #1899 ) ) ;
#371 = DIRECTION ( 'NONE',  ( 1.000000000000000000, -0.000000000000000000, 0.000000000000000000 ) ) ;
#372 = APPLICATION_CONTEXT ( 'automotive_design' ) ;
#373 = DIRECTION ( 'NONE',  ( 0.000000000000000000, 0.000000000000000000, -1.000000000000000000 ) ) ;
#374 = EDGE_CURVE ( 'NONE', #699, #545, #1260, .T. ) ;
#375 = PRESENTATION_LAYER_ASSIGNMENT (  '', '', ( #506 ) ) ;
#376 = CARTESIAN_POINT ( 'NONE',  ( 0.4899999999999999911, 0.3000000000000000444, 0.4599999999999999645 ) ) ;
#377 = DIRECTION ( 'NONE',  ( -1.000000000000000000, 0.000000000000000000, 0.000000000000000000 ) ) ;
#378 = CARTESIAN_POINT ( 'NONE',  ( 0.4899999999999999911, 0.2899999999999999800, 0.4699999999999999734 ) ) ;
#379 = VECTOR ( 'NONE', #504, 1000.000000000000000 ) ;
#380 = DIRECTION ( 'NONE',  ( 0.000000000000000000, 0.000000000000000000, -1.000000000000000000 ) ) ;
#381 = COLOUR_RGB ( '',0.9607843137254902244, 0.9607843137254902244, 0.9607843137254902244 ) ;
#382 = COLOUR_RGB ( '',0.2862745098039215508, 0.2862745098039215508, 0.2862745098039215508 ) ;
#383 = ORIENTED_EDGE ( 'NONE', *, *, #1075, .T. ) ;
#384 = EDGE_CURVE ( 'NONE', #127, #292, #655, .T. ) ;
#385 =( NAMED_UNIT ( * ) PLANE_ANGLE_UNIT ( ) SI_UNIT ( $, .RADIAN. ) );
#386 = DIRECTION ( 'NONE',  ( -1.000000000000000000, -0.000000000000000000, -0.000000000000000000 ) ) ;
#387 = UNCERTAINTY_MEASURE_WITH_UNIT (LENGTH_MEASURE( 1.000000000000000082E-05 ), #1159, 'distance_accuracy_value', 'NONE');
#388 = CARTESIAN_POINT ( 'NONE',  ( -0.3649999999999999911, 0.2899999999999999800, 0.4649999999999999689 ) ) ;
#389 = FILL_AREA_STYLE_COLOUR ( '', #1410 ) ;
#390 = FILL_AREA_STYLE ('',( #223 ) ) ;
#391 = ORIENTED_EDGE ( 'NONE', *, *, #1484, .F. ) ;
#392 =( NAMED_UNIT ( * ) SI_UNIT ( $, .STERADIAN. ) SOLID_ANGLE_UNIT ( ) );
#393 = FACE_OUTER_BOUND ( 'NONE', #1182, .T. ) ;
#394 = PRODUCT ( 'PESD5V5C1BL-QYL', 'PESD5V5C1BL-QYL', '', ( #25 ) ) ;
#395 = VERTEX_POINT ( 'NONE', #1609 ) ;
#396 = FACE_OUTER_BOUND ( 'NONE', #1388, .T. ) ;
#397 = ORIENTED_EDGE ( 'NONE', *, *, #768, .T. ) ;
#398 = CARTESIAN_POINT ( 'NONE',  ( -0.5000000000000000000, 0.2899999999999999245, 0.4699999999999999734 ) ) ;
#399 = CIRCLE ( 'NONE', #964, 0.01000000000000000021 ) ;
#400 = UNCERTAINTY_MEASURE_WITH_UNIT (LENGTH_MEASURE( 1.000000000000000082E-05 ), #1676, 'distance_accuracy_value', 'NONE');
#401 = DIRECTION ( 'NONE',  ( -1.000000000000000000, 0.000000000000000000, 0.000000000000000000 ) ) ;
#402 =( GEOMETRIC_REPRESENTATION_CONTEXT ( 3 ) GLOBAL_UNCERTAINTY_ASSIGNED_CONTEXT ( ( #1948 ) ) GLOBAL_UNIT_ASSIGNED_CONTEXT ( ( #1334, #225, #264 ) ) REPRESENTATION_CONTEXT ( 'NONE', 'WORKASPACE' ) );
#403 = ORIENTED_EDGE ( 'NONE', *, *, #1783, .T. ) ;
#404 = VECTOR ( 'NONE', #331, 1000.000000000000000 ) ;
#405 = PLANE ( 'NONE',  #1633 ) ;
#406 = ADVANCED_FACE ( 'NONE', ( #1289 ), #1129, .T. ) ;
#407 = CARTESIAN_POINT ( 'NONE',  ( -0.4500000000000001221, -0.2500000000000000555, 0.000000000000000000 ) ) ;
#408 =( GEOMETRIC_REPRESENTATION_CONTEXT ( 3 ) GLOBAL_UNCERTAINTY_ASSIGNED_CONTEXT ( ( #1583 ) ) GLOBAL_UNIT_ASSIGNED_CONTEXT ( ( #490, #196, #1923 ) ) REPRESENTATION_CONTEXT ( 'NONE', 'WORKASPACE' ) );
#409 = DIRECTION ( 'NONE',  ( 2.168404344971008868E-16, 1.000000000000000000, 0.000000000000000000 ) ) ;
#410 = AXIS2_PLACEMENT_3D ( 'NONE', #1077, #1534, #745 ) ;
#411 = VERTEX_POINT ( 'NONE', #358 ) ;
#412 = CIRCLE ( 'NONE', #830, 0.01000000000000002623 ) ;
#413 = SURFACE_STYLE_USAGE ( .BOTH. , #1320 ) ;
#414 = PRESENTATION_STYLE_ASSIGNMENT (( #867 ) ) ;
#415 = ORIENTED_EDGE ( 'NONE', *, *, #1216, .F. ) ;
#416 = ORIENTED_EDGE ( 'NONE', *, *, #2, .T. ) ;
#417 = FACE_OUTER_BOUND ( 'NONE', #261, .T. ) ;
#418 = LINE ( 'NONE', #571, #882 ) ;
#419 = EDGE_CURVE ( 'NONE', #1957, #481, #203, .T. ) ;
#420 = EDGE_LOOP ( 'NONE', ( #42, #253, #1315, #1799 ) ) ;
#421 = DIRECTION ( 'NONE',  ( 1.000000000000000000, -2.168404344971008868E-16, 0.000000000000000000 ) ) ;
#422 = PRESENTATION_STYLE_ASSIGNMENT (( #237 ) ) ;
#423 = DIRECTION ( 'NONE',  ( 1.000000000000000000, 0.000000000000000000, 0.000000000000000000 ) ) ;
#424 = ORIENTED_EDGE ( 'NONE', *, *, #1744, .T. ) ;
#425 = ORIENTED_EDGE ( 'NONE', *, *, #853, .F. ) ;
#426 = DIRECTION ( 'NONE',  ( -0.000000000000000000, -0.000000000000000000, 1.000000000000000000 ) ) ;
#427 = DIRECTION ( 'NONE',  ( 0.000000000000000000, -1.000000000000000000, -0.000000000000000000 ) ) ;
#428 =( GEOMETRIC_REPRESENTATION_CONTEXT ( 3 ) GLOBAL_UNCERTAINTY_ASSIGNED_CONTEXT ( ( #387 ) ) GLOBAL_UNIT_ASSIGNED_CONTEXT ( ( #1159, #1778, #392 ) ) REPRESENTATION_CONTEXT ( 'NONE', 'WORKASPACE' ) );
#429 = DIRECTION ( 'NONE',  ( 0.000000000000000000, 0.000000000000000000, 1.000000000000000000 ) ) ;
#430 = STYLED_ITEM ( 'NONE', ( #501 ), #534 ) ;
#431 = STYLED_ITEM ( 'NONE', ( #1053 ), #76 ) ;
#432 = EDGE_CURVE ( 'NONE', #1653, #551, #1381, .T. ) ;
#433 =( LENGTH_UNIT ( ) NAMED_UNIT ( * ) SI_UNIT ( .MILLI., .METRE. ) );
#434 = COLOUR_RGB ( '',0.8039215686274510109, 0.8039215686274510109, 0.8039215686274510109 ) ;
#435 = ORIENTED_EDGE ( 'NONE', *, *, #2, .F. ) ;
#436 = ORIENTED_EDGE ( 'NONE', *, *, #511, .T. ) ;
#437 = AXIS2_PLACEMENT_3D ( 'NONE', #255, #1471, #429 ) ;
#438 = FACE_OUTER_BOUND ( 'NONE', #1654, .T. ) ;
#439 =( NAMED_UNIT ( * ) PLANE_ANGLE_UNIT ( ) SI_UNIT ( $, .RADIAN. ) );
#440 = CIRCLE ( 'NONE', #1990, 0.01000000000000002623 ) ;
#441 = LINE ( 'NONE', #1742, #1241 ) ;
#442 = PRESENTATION_LAYER_ASSIGNMENT (  '', '', ( #280 ) ) ;
#443 = STYLED_ITEM ( 'NONE', ( #1062 ), #1655 ) ;
#444 = DIRECTION ( 'NONE',  ( -1.000000000000000000, 4.336808689942016750E-16, -0.000000000000000000 ) ) ;
#445 = CARTESIAN_POINT ( 'NONE',  ( -0.1999999999999999833, 0.2499999999999999445, -0.02999999999999999889 ) ) ;
#446 = ADVANCED_FACE ( 'NONE', ( #1961 ), #106, .F. ) ;
#447 =( LENGTH_UNIT ( ) NAMED_UNIT ( * ) SI_UNIT ( .MILLI., .METRE. ) );
#448 = SURFACE_STYLE_USAGE ( .BOTH. , #464 ) ;
#449 = ORIENTED_EDGE ( 'NONE', *, *, #936, .F. ) ;
#450 = DIRECTION ( 'NONE',  ( -1.000000000000000000, -3.738628180984500581E-16, 0.000000000000000000 ) ) ;
#451 = CARTESIAN_POINT ( 'NONE',  ( 0.1999999999999999278, -0.2500000000000000555, 0.000000000000000000 ) ) ;
#452 = CARTESIAN_POINT ( 'NONE',  ( -0.4899999999999999911, 0.2999999999999999889, 0.000000000000000000 ) ) ;
#453 = CARTESIAN_POINT ( 'NONE',  ( -0.4500000000000000111, 0.2499999999999999445, -0.02999999999999999889 ) ) ;
#454 = SURFACE_STYLE_USAGE ( .BOTH. , #300 ) ;
#455 = ORIENTED_EDGE ( 'NONE', *, *, #1416, .T. ) ;
#456 = EDGE_LOOP ( 'NONE', ( #424, #1971, #740 ) ) ;
#457 =( LENGTH_UNIT ( ) NAMED_UNIT ( * ) SI_UNIT ( .MILLI., .METRE. ) );
#458 = SPHERICAL_SURFACE ( 'NONE', #1442, 0.01000000000000000021 ) ;
#459 = CARTESIAN_POINT ( 'NONE',  ( 0.1999999999999999278, -0.2500000000000000555, -0.02999999999999999889 ) ) ;
#460 = DIRECTION ( 'NONE',  ( -0.000000000000000000, -1.000000000000000000, -0.000000000000000000 ) ) ;
#461 = PLANE ( 'NONE',  #112 ) ;
#462 = FILL_AREA_STYLE ('',( #611 ) ) ;
#463 = SURFACE_STYLE_FILL_AREA ( #1843 ) ;
#464 = SURFACE_SIDE_STYLE ('',( #1227 ) ) ;
#465 = LINE ( 'NONE', #921, #1304 ) ;
#466 = DIRECTION ( 'NONE',  ( 1.000000000000000000, -2.168404344971009361E-16, 0.000000000000000000 ) ) ;
#467 = STYLED_ITEM ( 'NONE', ( #161 ), #711 ) ;
#468 = FILL_AREA_STYLE ('',( #153 ) ) ;
#469 =( NAMED_UNIT ( * ) SI_UNIT ( $, .STERADIAN. ) SOLID_ANGLE_UNIT ( ) );
#470 = EDGE_CURVE ( 'NONE', #1731, #1022, #1244, .T. ) ;
#471 = AXIS2_PLACEMENT_3D ( 'NONE', #1259, #1710, #1095 ) ;
#472 = PRESENTATION_LAYER_ASSIGNMENT (  '', '', ( #1900 ) ) ;
#473 = COLOUR_RGB ( '',0.8039215686274510109, 0.8039215686274510109, 0.8039215686274510109 ) ;
#474 = PRESENTATION_STYLE_ASSIGNMENT (( #893 ) ) ;
#475 = DIRECTION ( 'NONE',  ( -0.000000000000000000, -0.000000000000000000, 1.000000000000000000 ) ) ;
#476 = EDGE_LOOP ( 'NONE', ( #1472, #1651, #1803, #1379 ) ) ;
#477 = PRESENTATION_STYLE_ASSIGNMENT (( #454 ) ) ;
#478 = MECHANICAL_DESIGN_GEOMETRIC_PRESENTATION_REPRESENTATION (  '', ( #1905 ), #1074 ) ;
#479 = DIRECTION ( 'NONE',  ( 1.000000000000000000, 0.000000000000000000, 0.000000000000000000 ) ) ;
#480 = STYLED_ITEM ( 'NONE', ( #1788 ), #1597 ) ;
#481 = VERTEX_POINT ( 'NONE', #1389 ) ;
#482 =( NAMED_UNIT ( * ) SI_UNIT ( $, .STERADIAN. ) SOLID_ANGLE_UNIT ( ) );
#483 = MECHANICAL_DESIGN_GEOMETRIC_PRESENTATION_REPRESENTATION (  '', ( #977 ), #1286 ) ;
#484 = FILL_AREA_STYLE ('',( #1864 ) ) ;
#485 = DIRECTION ( 'NONE',  ( -1.000000000000000000, 0.000000000000000000, 0.000000000000000000 ) ) ;
#486 =( NAMED_UNIT ( * ) SI_UNIT ( $, .STERADIAN. ) SOLID_ANGLE_UNIT ( ) );
#487 = DIRECTION ( 'NONE',  ( -0.000000000000000000, 1.000000000000000000, 0.000000000000000000 ) ) ;
#488 = PLANE ( 'NONE',  #1608 ) ;
#489 = ORIENTED_EDGE ( 'NONE', *, *, #1770, .F. ) ;
#490 =( LENGTH_UNIT ( ) NAMED_UNIT ( * ) SI_UNIT ( .MILLI., .METRE. ) );
#491 = DIRECTION ( 'NONE',  ( 2.168404344971008868E-16, 1.000000000000000000, 0.000000000000000000 ) ) ;
#492 = ORIENTED_EDGE ( 'NONE', *, *, #900, .F. ) ;
#493 = DIRECTION ( 'NONE',  ( -1.000000000000000000, 0.000000000000000000, -0.000000000000000000 ) ) ;
#494 = CARTESIAN_POINT ( 'NONE',  ( 0.4899999999999999911, -0.2899999999999998135, 0.4599999999999999645 ) ) ;
#495 = LINE ( 'NONE', #1282, #1235 ) ;
#496 = ORIENTED_EDGE ( 'NONE', *, *, #926, .F. ) ;
#497 = LINE ( 'NONE', #1883, #543 ) ;
#498 = ADVANCED_FACE ( 'NONE', ( #1660 ), #303, .F. ) ;
#499 = FILL_AREA_STYLE_COLOUR ( '', #1415 ) ;
#500 = ORIENTED_EDGE ( 'NONE', *, *, #900, .T. ) ;
#501 = PRESENTATION_STYLE_ASSIGNMENT (( #889 ) ) ;
#502 = DIRECTION ( 'NONE',  ( 1.000000000000000000, 0.000000000000000000, 0.000000000000000000 ) ) ;
#503 = PLANE ( 'NONE',  #689 ) ;
#504 = DIRECTION ( 'NONE',  ( 0.000000000000000000, -1.000000000000000000, 0.000000000000000000 ) ) ;
#505 =( GEOMETRIC_REPRESENTATION_CONTEXT ( 3 ) GLOBAL_UNCERTAINTY_ASSIGNED_CONTEXT ( ( #1478 ) ) GLOBAL_UNIT_ASSIGNED_CONTEXT ( ( #1365, #1226, #1206 ) ) REPRESENTATION_CONTEXT ( 'NONE', 'WORKASPACE' ) );
#506 = STYLED_ITEM ( 'NONE', ( #812 ), #914 ) ;
#507 = DIRECTION ( 'NONE',  ( -1.000000000000000000, -3.738628180984500581E-16, 0.000000000000000000 ) ) ;
#508 = COLOUR_RGB ( '',0.9607843137254902244, 0.9607843137254902244, 0.9607843137254902244 ) ;
#509 = SPHERICAL_SURFACE ( 'NONE', #884, 0.01000000000000000021 ) ;
#510 = MECHANICAL_DESIGN_GEOMETRIC_PRESENTATION_REPRESENTATION (  '', ( #1380 ), #881 ) ;
#511 = EDGE_CURVE ( 'NONE', #1420, #1489, #898, .T. ) ;
#512 = VECTOR ( 'NONE', #1079, 1000.000000000000000 ) ;
#513 = DIRECTION ( 'NONE',  ( 0.000000000000000000, 1.000000000000000000, 0.000000000000000000 ) ) ;
#514 = VECTOR ( 'NONE', #782, 1000.000000000000000 ) ;
#515 = COLOUR_RGB ( '',0.8039215686274510109, 0.8039215686274510109, 0.8039215686274510109 ) ;
#516 = SURFACE_STYLE_USAGE ( .BOTH. , #43 ) ;
#517 = SURFACE_SIDE_STYLE ('',( #533 ) ) ;
#518 = SURFACE_SIDE_STYLE ('',( #216 ) ) ;
#519 = ORIENTED_EDGE ( 'NONE', *, *, #1879, .T. ) ;
#520 = CARTESIAN_POINT ( 'NONE',  ( 0.000000000000000000, 0.2899999999999999800, 0.4599999999999999645 ) ) ;
#521 =( NAMED_UNIT ( * ) PLANE_ANGLE_UNIT ( ) SI_UNIT ( $, .RADIAN. ) );
#522 = FILL_AREA_STYLE ('',( #1136 ) ) ;
#523 = SURFACE_STYLE_USAGE ( .BOTH. , #1893 ) ;
#524 = UNCERTAINTY_MEASURE_WITH_UNIT (LENGTH_MEASURE( 1.000000000000000082E-05 ), #33, 'distance_accuracy_value', 'NONE');
#525 = SURFACE_STYLE_USAGE ( .BOTH. , #1740 ) ;
#526 = PRESENTATION_STYLE_ASSIGNMENT (( #13 ) ) ;
#527 = UNCERTAINTY_MEASURE_WITH_UNIT (LENGTH_MEASURE( 1.000000000000000082E-05 ), #1873, 'distance_accuracy_value', 'NONE');
#528 = SURFACE_STYLE_FILL_AREA ( #90 ) ;
#529 = MECHANICAL_DESIGN_GEOMETRIC_PRESENTATION_REPRESENTATION (  '', ( #899 ), #560 ) ;
#530 = CIRCLE ( 'NONE', #1465, 0.01000000000000002623 ) ;
#531 = CARTESIAN_POINT ( 'NONE',  ( -0.4500000000000001221, -0.2500000000000000555, -0.02999999999999999889 ) ) ;
#532 = PRESENTATION_LAYER_ASSIGNMENT (  '', '', ( #1563 ) ) ;
#533 = SURFACE_STYLE_FILL_AREA ( #1906 ) ;
#534 = ADVANCED_FACE ( 'NONE', ( #163 ), #1037, .T. ) ;
#535 = VECTOR ( 'NONE', #2005, 1000.000000000000000 ) ;
#536 = EDGE_LOOP ( 'NONE', ( #1647, #1261, #1553, #1322 ) ) ;
#537 = PRESENTATION_STYLE_ASSIGNMENT (( #1297 ) ) ;
#538 = DIRECTION ( 'NONE',  ( 0.000000000000000000, -0.000000000000000000, -1.000000000000000000 ) ) ;
#539 = CARTESIAN_POINT ( 'NONE',  ( -0.4899999999999999911, 0.2899999999999999800, 0.4699999999999999734 ) ) ;
#540 = STYLED_ITEM ( 'NONE', ( #218 ), #1231 ) ;
#541 = STYLED_ITEM ( 'NONE', ( #1636 ), #1577 ) ;
#542 = LINE ( 'NONE', #58, #966 ) ;
#543 = VECTOR ( 'NONE', #1262, 1000.000000000000000 ) ;
#544 = SURFACE_SIDE_STYLE ('',( #61 ) ) ;
#545 = VERTEX_POINT ( 'NONE', #210 ) ;
#546 = EDGE_CURVE ( 'NONE', #1999, #1618, #656, .T. ) ;
#547 = FACE_OUTER_BOUND ( 'NONE', #18, .T. ) ;
#548 = SURFACE_STYLE_USAGE ( .BOTH. , #987 ) ;
#549 = LINE ( 'NONE', #585, #1868 ) ;
#550 = SURFACE_SIDE_STYLE ('',( #528 ) ) ;
#551 = VERTEX_POINT ( 'NONE', #1083 ) ;
#552 = CARTESIAN_POINT ( 'NONE',  ( 0.000000000000000000, 0.000000000000000000, 0.4699999999999999734 ) ) ;
#553 = CARTESIAN_POINT ( 'NONE',  ( 0.4899999999999999911, -0.2999999999999998779, 0.000000000000000000 ) ) ;
#554 = ORIENTED_EDGE ( 'NONE', *, *, #1689, .T. ) ;
#555 =( NAMED_UNIT ( * ) SI_UNIT ( $, .STERADIAN. ) SOLID_ANGLE_UNIT ( ) );
#556 = DIRECTION ( 'NONE',  ( -1.000000000000000000, -5.421010862427507971E-15, 0.000000000000000000 ) ) ;
#557 = EDGE_CURVE ( 'NONE', #659, #879, #1264, .T. ) ;
#558 = ORIENTED_EDGE ( 'NONE', *, *, #890, .F. ) ;
#559 = DIRECTION ( 'NONE',  ( 0.000000000000000000, -0.000000000000000000, 1.000000000000000000 ) ) ;
#560 =( GEOMETRIC_REPRESENTATION_CONTEXT ( 3 ) GLOBAL_UNCERTAINTY_ASSIGNED_CONTEXT ( ( #974 ) ) GLOBAL_UNIT_ASSIGNED_CONTEXT ( ( #1887, #1601, #1411 ) ) REPRESENTATION_CONTEXT ( 'NONE', 'WORKASPACE' ) );
#561 = DIRECTION ( 'NONE',  ( -1.000000000000000000, 0.000000000000000000, 0.000000000000000000 ) ) ;
#562 = CARTESIAN_POINT ( 'NONE',  ( -0.5000000000000000000, -0.2899999999999998135, 0.4599999999999999645 ) ) ;
#563 = MECHANICAL_DESIGN_GEOMETRIC_PRESENTATION_REPRESENTATION (  '', ( #34 ), #342 ) ;
#564 = FILL_AREA_STYLE ('',( #1955 ) ) ;
#565 = CIRCLE ( 'NONE', #1240, 0.01000000000000002623 ) ;
#566 = EDGE_LOOP ( 'NONE', ( #815, #1463, #1658, #1224 ) ) ;
#567 = EDGE_CURVE ( 'NONE', #545, #1999, #330, .T. ) ;
#568 = ORIENTED_EDGE ( 'NONE', *, *, #49, .T. ) ;
#569 = LINE ( 'NONE', #531, #1632 ) ;
#570 = AXIS2_PLACEMENT_3D ( 'NONE', #1735, #1265, #502 ) ;
#571 = CARTESIAN_POINT ( 'NONE',  ( -0.5000000000000000000, 0.3000000000000000444, 0.4599999999999999645 ) ) ;
#572 = MECHANICAL_DESIGN_GEOMETRIC_PRESENTATION_REPRESENTATION (  '', ( #1249 ), #214 ) ;
#573 = AXIS2_PLACEMENT_3D ( 'NONE', #1233, #1852, #710 ) ;
#574 = VERTEX_POINT ( 'NONE', #174 ) ;
#575 = AXIS2_PLACEMENT_3D ( 'NONE', #272, #116, #874 ) ;
#576 = FACE_OUTER_BOUND ( 'NONE', #1984, .T. ) ;
#577 = LINE ( 'NONE', #1352, #1119 ) ;
#578 = SURFACE_STYLE_FILL_AREA ( #1520 ) ;
#579 = ORIENTED_EDGE ( 'NONE', *, *, #294, .T. ) ;
#580 = ORIENTED_EDGE ( 'NONE', *, *, #622, .F. ) ;
#581 = PLANE ( 'NONE',  #77 ) ;
#582 = EDGE_CURVE ( 'NONE', #318, #879, #1120, .T. ) ;
#583 = ORIENTED_EDGE ( 'NONE', *, *, #146, .T. ) ;
#584 = FILL_AREA_STYLE ('',( #1800 ) ) ;
#585 = CARTESIAN_POINT ( 'NONE',  ( 0.5000000000000000000, 0.2999999999999999889, 0.01000000000000002623 ) ) ;
#586 = SURFACE_SIDE_STYLE ('',( #578 ) ) ;
#587 = VERTEX_POINT ( 'NONE', #937 ) ;
#588 = ORIENTED_EDGE ( 'NONE', *, *, #1850, .F. ) ;
#589 = DIRECTION ( 'NONE',  ( 0.000000000000000000, 0.000000000000000000, -1.000000000000000000 ) ) ;
#590 = SURFACE_SIDE_STYLE ('',( #603 ) ) ;
#591 = DIRECTION ( 'NONE',  ( 0.000000000000000000, 0.000000000000000000, 1.000000000000000000 ) ) ;
#592 = COLOUR_RGB ( '',0.9607843137254902244, 0.9607843137254902244, 0.9607843137254902244 ) ;
#593 =( GEOMETRIC_REPRESENTATION_CONTEXT ( 3 ) GLOBAL_UNCERTAINTY_ASSIGNED_CONTEXT ( ( #1771 ) ) GLOBAL_UNIT_ASSIGNED_CONTEXT ( ( #1901, #184, #482 ) ) REPRESENTATION_CONTEXT ( 'NONE', 'WORKASPACE' ) );
#594 = ADVANCED_FACE ( 'NONE', ( #1875 ), #341, .T. ) ;
#595 = PRESENTATION_STYLE_ASSIGNMENT (( #1712 ) ) ;
#596 = DIRECTION ( 'NONE',  ( -0.000000000000000000, 0.000000000000000000, 1.000000000000000000 ) ) ;
#597 = FILL_AREA_STYLE_COLOUR ( '', #37 ) ;
#598 = AXIS2_PLACEMENT_3D ( 'NONE', #1284, #373, #1607 ) ;
#599 = CARTESIAN_POINT ( 'NONE',  ( -0.4899999999999999911, 0.2899999999999999800, 0.4649999999999999689 ) ) ;
#600 = EDGE_LOOP ( 'NONE', ( #1090, #325, #761, #403 ) ) ;
#601 = MECHANICAL_DESIGN_GEOMETRIC_PRESENTATION_REPRESENTATION (  '', ( #907 ), #1068 ) ;
#602 = FILL_AREA_STYLE ('',( #1369 ) ) ;
#603 = SURFACE_STYLE_FILL_AREA ( #1371 ) ;
#604 = SURFACE_SIDE_STYLE ('',( #1876 ) ) ;
#605 = PRESENTATION_LAYER_ASSIGNMENT (  '', '', ( #1033 ) ) ;
#606 = FILL_AREA_STYLE ('',( #1682 ) ) ;
#607 = SURFACE_STYLE_FILL_AREA ( #1404 ) ;
#608 = CARTESIAN_POINT ( 'NONE',  ( -0.4899999999999999911, 0.2899999999999999800, 0.4649999999999999689 ) ) ;
#609 = AXIS2_PLACEMENT_3D ( 'NONE', #1551, #596, #327 ) ;
#610 = UNCERTAINTY_MEASURE_WITH_UNIT (LENGTH_MEASURE( 1.000000000000000082E-05 ), #1324, 'distance_accuracy_value', 'NONE');
#611 = FILL_AREA_STYLE_COLOUR ( '', #382 ) ;
#612 = EDGE_CURVE ( 'NONE', #1209, #1777, #60, .T. ) ;
#613 = EDGE_LOOP ( 'NONE', ( #1015, #1968, #855, #1218 ) ) ;
#614 =( LENGTH_UNIT ( ) NAMED_UNIT ( * ) SI_UNIT ( .MILLI., .METRE. ) );
#615 = CARTESIAN_POINT ( 'NONE',  ( 0.5000000000000000000, -0.2999999999999998779, 0.01000000000000002623 ) ) ;
#616 = DIRECTION ( 'NONE',  ( 0.000000000000000000, 0.000000000000000000, -1.000000000000000000 ) ) ;
#617 = CARTESIAN_POINT ( 'NONE',  ( -0.4899999999999999911, 0.3000000000000000444, 0.4599999999999999645 ) ) ;
#618 = VERTEX_POINT ( 'NONE', #1715 ) ;
#619 = FACE_OUTER_BOUND ( 'NONE', #180, .T. ) ;
#620 = DIRECTION ( 'NONE',  ( -0.000000000000000000, -0.000000000000000000, 1.000000000000000000 ) ) ;
#621 = ORIENTED_EDGE ( 'NONE', *, *, #1523, .T. ) ;
#622 = EDGE_CURVE ( 'NONE', #1420, #725, #651, .T. ) ;
#623 = SURFACE_STYLE_USAGE ( .BOTH. , #590 ) ;
#624 = PLANE ( 'NONE',  #1576 ) ;
#625 = LINE ( 'NONE', #539, #1639 ) ;
#626 = SURFACE_SIDE_STYLE ('',( #607 ) ) ;
#627 = EDGE_LOOP ( 'NONE', ( #1035, #1305, #276, #1105 ) ) ;
#628 =( LENGTH_UNIT ( ) NAMED_UNIT ( * ) SI_UNIT ( .MILLI., .METRE. ) );
#629 = COLOUR_RGB ( '',0.2862745098039215508, 0.2862745098039215508, 0.2862745098039215508 ) ;
#630 = CARTESIAN_POINT ( 'NONE',  ( 0.4899999999999999911, -0.2999999999999998779, 0.01000000000000002623 ) ) ;
#631 = EDGE_CURVE ( 'NONE', #241, #587, #232, .T. ) ;
#632 = AXIS2_PLACEMENT_3D ( 'NONE', #1817, #764, #1059 ) ;
#633 = DIRECTION ( 'NONE',  ( 0.000000000000000000, 0.000000000000000000, -1.000000000000000000 ) ) ;
#634 = DIRECTION ( 'NONE',  ( 0.000000000000000000, -1.000000000000000000, 0.000000000000000000 ) ) ;
#635 = EDGE_CURVE ( 'NONE', #545, #241, #565, .T. ) ;
#636 = AXIS2_PLACEMENT_3D ( 'NONE', #1134, #1929, #1765 ) ;
#637 = SURFACE_SIDE_STYLE ('',( #756 ) ) ;
#638 =( NAMED_UNIT ( * ) SI_UNIT ( $, .STERADIAN. ) SOLID_ANGLE_UNIT ( ) );
#639 = ORIENTED_EDGE ( 'NONE', *, *, #2003, .T. ) ;
#640 = FILL_AREA_STYLE ('',( #943 ) ) ;
#641 = VECTOR ( 'NONE', #1940, 1000.000000000000000 ) ;
#642 = ORIENTED_EDGE ( 'NONE', *, *, #1667, .F. ) ;
#643 = PLANE ( 'NONE',  #1605 ) ;
#644 =( LENGTH_UNIT ( ) NAMED_UNIT ( * ) SI_UNIT ( .MILLI., .METRE. ) );
#645 = ADVANCED_FACE ( 'NONE', ( #683 ), #712, .F. ) ;
#646 = DIRECTION ( 'NONE',  ( 1.000000000000000000, -2.168404344971009361E-16, 0.000000000000000000 ) ) ;
#647 = ORIENTED_EDGE ( 'NONE', *, *, #432, .T. ) ;
#648 = UNCERTAINTY_MEASURE_WITH_UNIT (LENGTH_MEASURE( 1.000000000000000082E-05 ), #185, 'distance_accuracy_value', 'NONE');
#649 =( NAMED_UNIT ( * ) PLANE_ANGLE_UNIT ( ) SI_UNIT ( $, .RADIAN. ) );
#650 = PLANE ( 'NONE',  #1310 ) ;
#651 = LINE ( 'NONE', #671, #1918 ) ;
#652 = DIRECTION ( 'NONE',  ( -1.000000000000000000, 0.000000000000000000, 0.000000000000000000 ) ) ;
#653 = PRESENTATION_STYLE_ASSIGNMENT (( #1867 ) ) ;
#654 = ADVANCED_FACE ( 'NONE', ( #1328 ), #1145, .T. ) ;
#655 = LINE ( 'NONE', #1454, #1024 ) ;
#656 = CIRCLE ( 'NONE', #714, 0.01000000000000002623 ) ;
#657 = DIRECTION ( 'NONE',  ( 1.000000000000000000, 0.000000000000000000, 0.000000000000000000 ) ) ;
#658 = CARTESIAN_POINT ( 'NONE',  ( 0.4500000000000000111, 0.2499999999999998335, 0.000000000000000000 ) ) ;
#659 = VERTEX_POINT ( 'NONE', #1163 ) ;
#660 = DIRECTION ( 'NONE',  ( -0.000000000000000000, -0.000000000000000000, 1.000000000000000000 ) ) ;
#661 =( GEOMETRIC_REPRESENTATION_CONTEXT ( 3 ) GLOBAL_UNCERTAINTY_ASSIGNED_CONTEXT ( ( #239 ) ) GLOBAL_UNIT_ASSIGNED_CONTEXT ( ( #878, #1386, #748 ) ) REPRESENTATION_CONTEXT ( 'NONE', 'WORKASPACE' ) );
#662 = FILL_AREA_STYLE ('',( #776 ) ) ;
#663 = PRESENTATION_LAYER_ASSIGNMENT (  '', '', ( #1786 ) ) ;
#664 = CARTESIAN_POINT ( 'NONE',  ( -0.5000000000000000000, 0.2899999999999999245, 0.01000000000000002623 ) ) ;
#665 = MECHANICAL_DESIGN_GEOMETRIC_PRESENTATION_REPRESENTATION (  '', ( #847 ), #690 ) ;
#666 = ORIENTED_EDGE ( 'NONE', *, *, #1327, .F. ) ;
#667 = CARTESIAN_POINT ( 'NONE',  ( 0.4899999999999999911, -0.2899999999999998135, 0.01000000000000002623 ) ) ;
#668 = UNCERTAINTY_MEASURE_WITH_UNIT (LENGTH_MEASURE( 1.000000000000000082E-05 ), #1143, 'distance_accuracy_value', 'NONE');
#669 = MECHANICAL_DESIGN_GEOMETRIC_PRESENTATION_REPRESENTATION (  '', ( #314 ), #1113 ) ;
#670 = EDGE_CURVE ( 'NONE', #316, #1436, #204, .T. ) ;
#671 = CARTESIAN_POINT ( 'NONE',  ( 0.2000000000000000389, 0.2499999999999998890, -0.02999999999999999889 ) ) ;
#672 =( GEOMETRIC_REPRESENTATION_CONTEXT ( 3 ) GLOBAL_UNCERTAINTY_ASSIGNED_CONTEXT ( ( #747 ) ) GLOBAL_UNIT_ASSIGNED_CONTEXT ( ( #1236, #1556, #220 ) ) REPRESENTATION_CONTEXT ( 'NONE', 'WORKASPACE' ) );
#673 = FILL_AREA_STYLE ('',( #15 ) ) ;
#674 = PLANE ( 'NONE',  #1992 ) ;
#675 = FACE_OUTER_BOUND ( 'NONE', #1170, .T. ) ;
#676 =( NAMED_UNIT ( * ) SI_UNIT ( $, .STERADIAN. ) SOLID_ANGLE_UNIT ( ) );
#677 = ADVANCED_FACE ( 'NONE', ( #1311 ), #315, .T. ) ;
#678 = SURFACE_STYLE_USAGE ( .BOTH. , #696 ) ;
#679 =( NAMED_UNIT ( * ) SI_UNIT ( $, .STERADIAN. ) SOLID_ANGLE_UNIT ( ) );
#680 = DIRECTION ( 'NONE',  ( -1.000000000000000000, -0.000000000000000000, -0.000000000000000000 ) ) ;
#681 = VECTOR ( 'NONE', #1596, 1000.000000000000000 ) ;
#682 = UNCERTAINTY_MEASURE_WITH_UNIT (LENGTH_MEASURE( 1.000000000000000082E-05 ), #1615, 'distance_accuracy_value', 'NONE');
#683 = FACE_OUTER_BOUND ( 'NONE', #613, .T. ) ;
#684 = VECTOR ( 'NONE', #1106, 1000.000000000000000 ) ;
#685 =( NAMED_UNIT ( * ) PLANE_ANGLE_UNIT ( ) SI_UNIT ( $, .RADIAN. ) );
#686 = PRESENTATION_STYLE_ASSIGNMENT (( #1795 ) ) ;
#687 = STYLED_ITEM ( 'NONE', ( #694 ), #654 ) ;
#688 = ORIENTED_EDGE ( 'NONE', *, *, #1343, .F. ) ;
#689 = AXIS2_PLACEMENT_3D ( 'NONE', #1960, #1460, #559 ) ;
#690 =( GEOMETRIC_REPRESENTATION_CONTEXT ( 3 ) GLOBAL_UNCERTAINTY_ASSIGNED_CONTEXT ( ( #770 ) ) GLOBAL_UNIT_ASSIGNED_CONTEXT ( ( #1917, #1167, #1755 ) ) REPRESENTATION_CONTEXT ( 'NONE', 'WORKASPACE' ) );
#691 = SURFACE_SIDE_STYLE ('',( #837 ) ) ;
#692 =( NAMED_UNIT ( * ) SI_UNIT ( $, .STERADIAN. ) SOLID_ANGLE_UNIT ( ) );
#693 = VECTOR ( 'NONE', #1796, 1000.000000000000000 ) ;
#694 = PRESENTATION_STYLE_ASSIGNMENT (( #1927 ) ) ;
#695 = VERTEX_POINT ( 'NONE', #1001 ) ;
#696 = SURFACE_SIDE_STYLE ('',( #230 ) ) ;
#697 = PRESENTATION_LAYER_ASSIGNMENT (  '', '', ( #11 ) ) ;
#698 = LINE ( 'NONE', #1892, #379 ) ;
#699 = VERTEX_POINT ( 'NONE', #1341 ) ;
#700 = EDGE_CURVE ( 'NONE', #318, #618, #1217, .T. ) ;
#701 = CYLINDRICAL_SURFACE ( 'NONE', #410, 0.009999999999999998473 ) ;
#702 = UNCERTAINTY_MEASURE_WITH_UNIT (LENGTH_MEASURE( 1.000000000000000082E-05 ), #918, 'distance_accuracy_value', 'NONE');
#703 = SURFACE_STYLE_FILL_AREA ( #228 ) ;
#704 = ORIENTED_EDGE ( 'NONE', *, *, #1498, .F. ) ;
#705 = DIRECTION ( 'NONE',  ( 1.000000000000000000, 0.000000000000000000, 0.000000000000000000 ) ) ;
#706 = PLANE ( 'NONE',  #242 ) ;
#707 = ORIENTED_EDGE ( 'NONE', *, *, #1343, .T. ) ;
#708 = ADVANCED_FACE ( 'NONE', ( #290 ), #1530, .T. ) ;
#709 = DIRECTION ( 'NONE',  ( -0.000000000000000000, 1.000000000000000000, -0.000000000000000000 ) ) ;
#710 = DIRECTION ( 'NONE',  ( 0.000000000000000000, 0.000000000000000000, -1.000000000000000000 ) ) ;
#711 = ADVANCED_FACE ( 'NONE', ( #135 ), #1669, .F. ) ;
#712 = PLANE ( 'NONE',  #996 ) ;
#713 = ORIENTED_EDGE ( 'NONE', *, *, #308, .T. ) ;
#714 = AXIS2_PLACEMENT_3D ( 'NONE', #1588, #1452, #50 ) ;
#715 = LINE ( 'NONE', #731, #693 ) ;
#716 = PRESENTATION_STYLE_ASSIGNMENT (( #1149 ) ) ;
#717 = PRESENTATION_LAYER_ASSIGNMENT (  '', '', ( #1331 ) ) ;
#718 = EDGE_LOOP ( 'NONE', ( #1500, #1881, #298, #329 ) ) ;
#719 =( GEOMETRIC_REPRESENTATION_CONTEXT ( 3 ) GLOBAL_UNCERTAINTY_ASSIGNED_CONTEXT ( ( #702 ) ) GLOBAL_UNIT_ASSIGNED_CONTEXT ( ( #918, #759, #1539 ) ) REPRESENTATION_CONTEXT ( 'NONE', 'WORKASPACE' ) );
#720 =( NAMED_UNIT ( * ) SI_UNIT ( $, .STERADIAN. ) SOLID_ANGLE_UNIT ( ) );
#721 = CARTESIAN_POINT ( 'NONE',  ( -0.4899999999999997691, -0.2899999999999998135, 0.4699999999999999734 ) ) ;
#722 = DIRECTION ( 'NONE',  ( -0.000000000000000000, -0.000000000000000000, 1.000000000000000000 ) ) ;
#723 =( NAMED_UNIT ( * ) SI_UNIT ( $, .STERADIAN. ) SOLID_ANGLE_UNIT ( ) );
#724 = VECTOR ( 'NONE', #908, 1000.000000000000000 ) ;
#725 = VERTEX_POINT ( 'NONE', #1294 ) ;
#726 = DIRECTION ( 'NONE',  ( -0.000000000000000000, 0.000000000000000000, -1.000000000000000000 ) ) ;
#727 = VERTEX_POINT ( 'NONE', #376 ) ;
#728 = EDGE_CURVE ( 'NONE', #9, #574, #399, .T. ) ;
#729 = DIRECTION ( 'NONE',  ( 0.000000000000000000, 0.000000000000000000, -1.000000000000000000 ) ) ;
#730 = PRESENTATION_LAYER_ASSIGNMENT (  '', '', ( #1543 ) ) ;
#731 = CARTESIAN_POINT ( 'NONE',  ( 0.4899999999999999911, -0.2999999999999998779, 0.4699999999999999734 ) ) ;
#732 = AXIS2_PLACEMENT_3D ( 'NONE', #746, #1050, #1550 ) ;
#733 = SURFACE_SIDE_STYLE ('',( #1047 ) ) ;
#734 = MECHANICAL_DESIGN_GEOMETRIC_PRESENTATION_REPRESENTATION (  '', ( #443 ), #672 ) ;
#735 = ORIENTED_EDGE ( 'NONE', *, *, #470, .F. ) ;
#736 =( NAMED_UNIT ( * ) PLANE_ANGLE_UNIT ( ) SI_UNIT ( $, .RADIAN. ) );
#737 = SURFACE_STYLE_FILL_AREA ( #1939 ) ;
#738 = DIRECTION ( 'NONE',  ( -5.421010862427507971E-15, 1.000000000000000000, 0.000000000000000000 ) ) ;
#739 = CARTESIAN_POINT ( 'NONE',  ( -0.2000000000000000389, -0.2500000000000000000, -0.02999999999999999889 ) ) ;
#740 = ORIENTED_EDGE ( 'NONE', *, *, #911, .F. ) ;
#741 = ORIENTED_EDGE ( 'NONE', *, *, #1287, .F. ) ;
#742 = FILL_AREA_STYLE_COLOUR ( '', #1161 ) ;
#743 = PRODUCT_RELATED_PRODUCT_CATEGORY ( 'part', '', ( #394 ) ) ;
#744 =( NAMED_UNIT ( * ) PLANE_ANGLE_UNIT ( ) SI_UNIT ( $, .RADIAN. ) );
#745 = DIRECTION ( 'NONE',  ( 0.000000000000000000, 0.000000000000000000, 1.000000000000000000 ) ) ;
#746 = CARTESIAN_POINT ( 'NONE',  ( -0.4899999999999999911, 0.2899999999999999800, 0.01000000000000000021 ) ) ;
#747 = UNCERTAINTY_MEASURE_WITH_UNIT (LENGTH_MEASURE( 1.000000000000000082E-05 ), #1236, 'distance_accuracy_value', 'NONE');
#748 =( NAMED_UNIT ( * ) SI_UNIT ( $, .STERADIAN. ) SOLID_ANGLE_UNIT ( ) );
#749 = CARTESIAN_POINT ( 'NONE',  ( 0.1999999999999999278, -0.2500000000000000555, -0.02999999999999999889 ) ) ;
#750 = ORIENTED_EDGE ( 'NONE', *, *, #1484, .T. ) ;
#751 = DIRECTION ( 'NONE',  ( 1.000000000000000000, 0.000000000000000000, 0.000000000000000000 ) ) ;
#752 = LINE ( 'NONE', #1390, #1787 ) ;
#753 = SURFACE_STYLE_USAGE ( .BOTH. , #1854 ) ;
#754 = CYLINDRICAL_SURFACE ( 'NONE', #1932, 0.01000000000000002623 ) ;
#755 = SURFACE_SIDE_STYLE ('',( #133 ) ) ;
#756 = SURFACE_STYLE_FILL_AREA ( #1677 ) ;
#757 = VECTOR ( 'NONE', #1434, 1000.000000000000000 ) ;
#758 = DIRECTION ( 'NONE',  ( -1.000000000000000000, -0.000000000000000000, -0.000000000000000000 ) ) ;
#759 =( NAMED_UNIT ( * ) PLANE_ANGLE_UNIT ( ) SI_UNIT ( $, .RADIAN. ) );
#760 = VERTEX_POINT ( 'NONE', #562 ) ;
#761 = ORIENTED_EDGE ( 'NONE', *, *, #130, .T. ) ;
#762 =( GEOMETRIC_REPRESENTATION_CONTEXT ( 3 ) GLOBAL_UNCERTAINTY_ASSIGNED_CONTEXT ( ( #400 ) ) GLOBAL_UNIT_ASSIGNED_CONTEXT ( ( #1676, #744, #1400 ) ) REPRESENTATION_CONTEXT ( 'NONE', 'WORKASPACE' ) );
#763 =( NAMED_UNIT ( * ) SI_UNIT ( $, .STERADIAN. ) SOLID_ANGLE_UNIT ( ) );
#764 = DIRECTION ( 'NONE',  ( 1.000000000000000000, 0.000000000000000000, 0.000000000000000000 ) ) ;
#765 =( GEOMETRIC_REPRESENTATION_CONTEXT ( 3 ) GLOBAL_UNCERTAINTY_ASSIGNED_CONTEXT ( ( #1290 ) ) GLOBAL_UNIT_ASSIGNED_CONTEXT ( ( #1317, #1945, #1910 ) ) REPRESENTATION_CONTEXT ( 'NONE', 'WORKASPACE' ) );
#766 = COLOUR_RGB ( '',0.2862745098039215508, 0.2862745098039215508, 0.2862745098039215508 ) ;
#767 = CIRCLE ( 'NONE', #1729, 0.01000000000000002623 ) ;
#768 = EDGE_CURVE ( 'NONE', #618, #1488, #1934, .T. ) ;
#769 = DIRECTION ( 'NONE',  ( -1.084202172485504434E-16, -1.000000000000000000, 0.000000000000000000 ) ) ;
#770 = UNCERTAINTY_MEASURE_WITH_UNIT (LENGTH_MEASURE( 1.000000000000000082E-05 ), #1917, 'distance_accuracy_value', 'NONE');
#771 = CARTESIAN_POINT ( 'NONE',  ( -0.5000000000000000000, -0.2899999999999998135, 0.01000000000000002623 ) ) ;
#772 = EDGE_LOOP ( 'NONE', ( #62, #496, #1703, #1256 ) ) ;
#773 =( LENGTH_UNIT ( ) NAMED_UNIT ( * ) SI_UNIT ( .MILLI., .METRE. ) );
#774 = DIRECTION ( 'NONE',  ( -1.000000000000000000, 4.336808689942016750E-16, -0.000000000000000000 ) ) ;
#775 = PRESENTATION_STYLE_ASSIGNMENT (( #17 ) ) ;
#776 = FILL_AREA_STYLE_COLOUR ( '', #1281 ) ;
#777 = EDGE_CURVE ( 'NONE', #1623, #318, #1188, .T. ) ;
#778 = SURFACE_STYLE_FILL_AREA ( #1859 ) ;
#779 = LINE ( 'NONE', #599, #233 ) ;
#780 = EDGE_LOOP ( 'NONE', ( #1954, #862, #171, #92 ) ) ;
#781 = EDGE_CURVE ( 'NONE', #1623, #659, #1646, .T. ) ;
#782 = DIRECTION ( 'NONE',  ( -1.000000000000000000, 0.000000000000000000, 0.000000000000000000 ) ) ;
#783 = CARTESIAN_POINT ( 'NONE',  ( -0.4899999999999999911, 0.3000000000000000444, 0.01000000000000002623 ) ) ;
#784 = EDGE_LOOP ( 'NONE', ( #1483, #1586, #455, #1571 ) ) ;
#785 =( NAMED_UNIT ( * ) SI_UNIT ( $, .STERADIAN. ) SOLID_ANGLE_UNIT ( ) );
#786 = PRESENTATION_LAYER_ASSIGNMENT (  '', '', ( #1366 ) ) ;
#787 = DIRECTION ( 'NONE',  ( -1.000000000000000000, 0.000000000000000000, 0.000000000000000000 ) ) ;
#788 = ORIENTED_EDGE ( 'NONE', *, *, #229, .T. ) ;
#789 = MECHANICAL_DESIGN_GEOMETRIC_PRESENTATION_REPRESENTATION (  '', ( #1201 ), #505 ) ;
#790 = ADVANCED_FACE ( 'NONE', ( #1797 ), #844, .T. ) ;
#791 = SURFACE_SIDE_STYLE ('',( #1827 ) ) ;
#792 = COLOUR_RGB ( '',0.2862745098039215508, 0.2862745098039215508, 0.2862745098039215508 ) ;
#793 = FILL_AREA_STYLE_COLOUR ( '', #240 ) ;
#794 =( NAMED_UNIT ( * ) SI_UNIT ( $, .STERADIAN. ) SOLID_ANGLE_UNIT ( ) );
#795 = ORIENTED_EDGE ( 'NONE', *, *, #419, .T. ) ;
#796 = CARTESIAN_POINT ( 'NONE',  ( -0.4899999999999999911, -0.2899999999999998135, 0.01000000000000000021 ) ) ;
#797 = COLOUR_RGB ( '',0.2862745098039215508, 0.2862745098039215508, 0.2862745098039215508 ) ;
#798 = DIRECTION ( 'NONE',  ( 1.000000000000000000, 0.000000000000000000, 0.000000000000000000 ) ) ;
#799 = PRESENTATION_LAYER_ASSIGNMENT (  '', '', ( #1516 ) ) ;
#800 = ORIENTED_EDGE ( 'NONE', *, *, #983, .T. ) ;
#801 = LINE ( 'NONE', #70, #1340 ) ;
#802 = EDGE_CURVE ( 'NONE', #1014, #551, #1807, .T. ) ;
#803 = FILL_AREA_STYLE_COLOUR ( '', #1979 ) ;
#804 = ORIENTED_EDGE ( 'NONE', *, *, #1944, .F. ) ;
#805 = UNCERTAINTY_MEASURE_WITH_UNIT (LENGTH_MEASURE( 1.000000000000000082E-05 ), #1638, 'distance_accuracy_value', 'NONE');
#806 = DIRECTION ( 'NONE',  ( -0.000000000000000000, -0.000000000000000000, -1.000000000000000000 ) ) ;
#807 = FILL_AREA_STYLE ('',( #499 ) ) ;
#808 = SURFACE_SIDE_STYLE ('',( #197 ) ) ;
#809 = UNCERTAINTY_MEASURE_WITH_UNIT (LENGTH_MEASURE( 1.000000000000000082E-05 ), #125, 'distance_accuracy_value', 'NONE');
#810 =( NAMED_UNIT ( * ) PLANE_ANGLE_UNIT ( ) SI_UNIT ( $, .RADIAN. ) );
#811 =( LENGTH_UNIT ( ) NAMED_UNIT ( * ) SI_UNIT ( .MILLI., .METRE. ) );
#812 = PRESENTATION_STYLE_ASSIGNMENT (( #516 ) ) ;
#813 = FILL_AREA_STYLE_COLOUR ( '', #1506 ) ;
#814 = DIRECTION ( 'NONE',  ( -1.869314090492250291E-16, 1.000000000000000000, 0.000000000000000000 ) ) ;
#815 = ORIENTED_EDGE ( 'NONE', *, *, #728, .F. ) ;
#816 = AXIS2_PLACEMENT_3D ( 'NONE', #10, #493, #1093 ) ;
#817 = FILL_AREA_STYLE ('',( #1274 ) ) ;
#818 = COLOUR_RGB ( '',0.8039215686274510109, 0.8039215686274510109, 0.8039215686274510109 ) ;
#819 = SURFACE_STYLE_USAGE ( .BOTH. , #57 ) ;
#820 =( LENGTH_UNIT ( ) NAMED_UNIT ( * ) SI_UNIT ( .MILLI., .METRE. ) );
#821 =( GEOMETRIC_REPRESENTATION_CONTEXT ( 3 ) GLOBAL_UNCERTAINTY_ASSIGNED_CONTEXT ( ( #990 ) ) GLOBAL_UNIT_ASSIGNED_CONTEXT ( ( #1321, #1641, #723 ) ) REPRESENTATION_CONTEXT ( 'NONE', 'WORKASPACE' ) );
#822 = STYLED_ITEM ( 'NONE', ( #144 ), #826 ) ;
#823 =( GEOMETRIC_REPRESENTATION_CONTEXT ( 3 ) GLOBAL_UNCERTAINTY_ASSIGNED_CONTEXT ( ( #1858 ) ) GLOBAL_UNIT_ASSIGNED_CONTEXT ( ( #897, #1219, #1673 ) ) REPRESENTATION_CONTEXT ( 'NONE', 'WORKASPACE' ) );
#824 = ADVANCED_BREP_SHAPE_REPRESENTATION ( 'PESD5V5C1BL-QYL', ( #211, #149, #854, #195, #1080 ), #1450 ) ;
#825 = UNCERTAINTY_MEASURE_WITH_UNIT (LENGTH_MEASURE( 1.000000000000000082E-05 ), #1147, 'distance_accuracy_value', 'NONE');
#826 = ADVANCED_FACE ( 'NONE', ( #1027 ), #458, .T. ) ;
#827 = FILL_AREA_STYLE_COLOUR ( '', #1401 ) ;
#828 = UNCERTAINTY_MEASURE_WITH_UNIT (LENGTH_MEASURE( 1.000000000000000082E-05 ), #270, 'distance_accuracy_value', 'NONE');
#829 = VECTOR ( 'NONE', #460, 1000.000000000000000 ) ;
#830 = AXIS2_PLACEMENT_3D ( 'NONE', #349, #806, #1422 ) ;
#831 = CARTESIAN_POINT ( 'NONE',  ( -0.2000000000000000389, -0.2500000000000000000, -0.02999999999999999889 ) ) ;
#832 = SURFACE_STYLE_FILL_AREA ( #1599 ) ;
#833 = EDGE_CURVE ( 'NONE', #1857, #9, #1407, .T. ) ;
#834 = DIRECTION ( 'NONE',  ( -1.869314090492249798E-16, 1.000000000000000000, -0.000000000000000000 ) ) ;
#835 = DIRECTION ( 'NONE',  ( -1.000000000000000000, 0.000000000000000000, -0.000000000000000000 ) ) ;
#836 = ORIENTED_EDGE ( 'NONE', *, *, #365, .F. ) ;
#837 = SURFACE_STYLE_FILL_AREA ( #564 ) ;
#838 = MECHANICAL_DESIGN_GEOMETRIC_PRESENTATION_REPRESENTATION (  '', ( #1366 ), #428 ) ;
#839 = COLOUR_RGB ( '',0.2862745098039215508, 0.2862745098039215508, 0.2862745098039215508 ) ;
#840 = MECHANICAL_DESIGN_GEOMETRIC_PRESENTATION_REPRESENTATION (  '', ( #431 ), #1982 ) ;
#841 = ADVANCED_FACE ( 'NONE', ( #2011 ), #129, .F. ) ;
#842 = VECTOR ( 'NONE', #2013, 1000.000000000000000 ) ;
#843 = DIRECTION ( 'NONE',  ( -0.000000000000000000, -0.000000000000000000, -1.000000000000000000 ) ) ;
#844 = CYLINDRICAL_SURFACE ( 'NONE', #437, 0.009999999999999998473 ) ;
#845 = ORIENTED_EDGE ( 'NONE', *, *, #308, .F. ) ;
#846 = VECTOR ( 'NONE', #1443, 1000.000000000000000 ) ;
#847 = STYLED_ITEM ( 'NONE', ( #1931 ), #956 ) ;
#848 = SURFACE_STYLE_USAGE ( .BOTH. , #1350 ) ;
#849 =( GEOMETRIC_REPRESENTATION_CONTEXT ( 3 ) GLOBAL_UNCERTAINTY_ASSIGNED_CONTEXT ( ( #1882 ) ) GLOBAL_UNIT_ASSIGNED_CONTEXT ( ( #1469, #53, #679 ) ) REPRESENTATION_CONTEXT ( 'NONE', 'WORKASPACE' ) );
#850 = ORIENTED_EDGE ( 'NONE', *, *, #1879, .F. ) ;
#851 = VECTOR ( 'NONE', #1447, 1000.000000000000000 ) ;
#852 = DIRECTION ( 'NONE',  ( -0.000000000000000000, -0.000000000000000000, 1.000000000000000000 ) ) ;
#853 = EDGE_CURVE ( 'NONE', #727, #1999, #68, .T. ) ;
#854 = MANIFOLD_SOLID_BREP ( 'Cut-Extrude1', #1131 ) ;
#855 = ORIENTED_EDGE ( 'NONE', *, *, #511, .F. ) ;
#856 =( NAMED_UNIT ( * ) PLANE_ANGLE_UNIT ( ) SI_UNIT ( $, .RADIAN. ) );
#857 = CARTESIAN_POINT ( 'NONE',  ( -0.4899999999999999911, 0.2899999999999999800, 0.01000000000000000021 ) ) ;
#858 = SURFACE_STYLE_FILL_AREA ( #975 ) ;
#859 = ORIENTED_EDGE ( 'NONE', *, *, #1590, .F. ) ;
#860 = ORIENTED_EDGE ( 'NONE', *, *, #38, .F. ) ;
#861 = CARTESIAN_POINT ( 'NONE',  ( 0.000000000000000000, 0.000000000000000000, -0.02999999999999999889 ) ) ;
#862 = ORIENTED_EDGE ( 'NONE', *, *, #1433, .F. ) ;
#863 = EDGE_CURVE ( 'NONE', #199, #699, #441, .T. ) ;
#864 = CARTESIAN_POINT ( 'NONE',  ( -0.4899999999999999911, -0.2899999999999998135, 0.4599999999999999645 ) ) ;
#865 =( NAMED_UNIT ( * ) SI_UNIT ( $, .STERADIAN. ) SOLID_ANGLE_UNIT ( ) );
#866 =( NAMED_UNIT ( * ) PLANE_ANGLE_UNIT ( ) SI_UNIT ( $, .RADIAN. ) );
#867 = SURFACE_STYLE_USAGE ( .BOTH. , #251 ) ;
#868 = EDGE_LOOP ( 'NONE', ( #741, #94, #137, #800 ) ) ;
#869 = ORIENTED_EDGE ( 'NONE', *, *, #374, .F. ) ;
#870 = FACE_OUTER_BOUND ( 'NONE', #784, .T. ) ;
#871 = PRESENTATION_LAYER_ASSIGNMENT (  '', '', ( #1058 ) ) ;
#872 =( NAMED_UNIT ( * ) SI_UNIT ( $, .STERADIAN. ) SOLID_ANGLE_UNIT ( ) );
#873 = EDGE_LOOP ( 'NONE', ( #500, #713, #339 ) ) ;
#874 = DIRECTION ( 'NONE',  ( 0.000000000000000000, 0.000000000000000000, 1.000000000000000000 ) ) ;
#875 = CIRCLE ( 'NONE', #178, 0.009999999999999998473 ) ;
#876 = ADVANCED_FACE ( 'NONE', ( #1718 ), #1736, .T. ) ;
#877 = UNCERTAINTY_MEASURE_WITH_UNIT (LENGTH_MEASURE( 1.000000000000000082E-05 ), #1319, 'distance_accuracy_value', 'NONE');
#878 =( LENGTH_UNIT ( ) NAMED_UNIT ( * ) SI_UNIT ( .MILLI., .METRE. ) );
#879 = VERTEX_POINT ( 'NONE', #333 ) ;
#880 = ORIENTED_EDGE ( 'NONE', *, *, #1590, .T. ) ;
#881 =( GEOMETRIC_REPRESENTATION_CONTEXT ( 3 ) GLOBAL_UNCERTAINTY_ASSIGNED_CONTEXT ( ( #326 ) ) GLOBAL_UNIT_ASSIGNED_CONTEXT ( ( #1524, #1314, #128 ) ) REPRESENTATION_CONTEXT ( 'NONE', 'WORKASPACE' ) );
#882 = VECTOR ( 'NONE', #1962, 1000.000000000000000 ) ;
#883 = FILL_AREA_STYLE_COLOUR ( '', #381 ) ;
#884 = AXIS2_PLACEMENT_3D ( 'NONE', #1116, #189, #657 ) ;
#885 = FILL_AREA_STYLE_COLOUR ( '', #1895 ) ;
#886 = EDGE_LOOP ( 'NONE', ( #850, #642, #1950, #425, #1329 ) ) ;
#887 = ORIENTED_EDGE ( 'NONE', *, *, #419, .F. ) ;
#888 = CARTESIAN_POINT ( 'NONE',  ( -0.4899999999999999911, -0.2899999999999998135, 0.01000000000000002623 ) ) ;
#889 = SURFACE_STYLE_USAGE ( .BOTH. , #285 ) ;
#890 = EDGE_CURVE ( 'NONE', #411, #199, #200, .T. ) ;
#891 = CARTESIAN_POINT ( 'NONE',  ( -0.4899999999999997691, -0.2899999999999998135, 0.4649999999999999689 ) ) ;
#892 = SURFACE_SIDE_STYLE ('',( #1039 ) ) ;
#893 = SURFACE_STYLE_USAGE ( .BOTH. , #1527 ) ;
#894 = SURFACE_STYLE_USAGE ( .BOTH. , #917 ) ;
#895 = SURFACE_STYLE_USAGE ( .BOTH. , #586 ) ;
#896 = ORIENTED_EDGE ( 'NONE', *, *, #374, .T. ) ;
#897 =( LENGTH_UNIT ( ) NAMED_UNIT ( * ) SI_UNIT ( .MILLI., .METRE. ) );
#898 = LINE ( 'NONE', #1554, #1684 ) ;
#899 = STYLED_ITEM ( 'NONE', ( #954 ), #594 ) ;
#900 = EDGE_CURVE ( 'NONE', #1209, #1894, #1662, .T. ) ;
#901 =( GEOMETRIC_REPRESENTATION_CONTEXT ( 3 ) GLOBAL_UNCERTAINTY_ASSIGNED_CONTEXT ( ( #89 ) ) GLOBAL_UNIT_ASSIGNED_CONTEXT ( ( #40, #1125, #1898 ) ) REPRESENTATION_CONTEXT ( 'NONE', 'WORKASPACE' ) );
#902 = PLANE ( 'NONE',  #931 ) ;
#903 = CARTESIAN_POINT ( 'NONE',  ( -0.3649999999999999911, 0.2899999999999999800, 0.4699999999999999734 ) ) ;
#904 = EDGE_LOOP ( 'NONE', ( #1812, #449, #896, #188 ) ) ;
#905 = SURFACE_STYLE_USAGE ( .BOTH. , #1364 ) ;
#906 = LINE ( 'NONE', #1860, #267 ) ;
#907 = STYLED_ITEM ( 'NONE', ( #1604 ), #854 ) ;
#908 = DIRECTION ( 'NONE',  ( 0.000000000000000000, 0.000000000000000000, 1.000000000000000000 ) ) ;
#909 = VECTOR ( 'NONE', #304, 1000.000000000000000 ) ;
#910 =( NAMED_UNIT ( * ) SI_UNIT ( $, .STERADIAN. ) SOLID_ANGLE_UNIT ( ) );
#911 = EDGE_CURVE ( 'NONE', #1354, #1436, #875, .T. ) ;
#912 = COLOUR_RGB ( '',0.2862745098039215508, 0.2862745098039215508, 0.2862745098039215508 ) ;
#913 = CARTESIAN_POINT ( 'NONE',  ( -0.2000000000000000389, -0.2500000000000000000, 0.000000000000000000 ) ) ;
#914 = ADVANCED_FACE ( 'NONE', ( #192 ), #503, .F. ) ;
#915 = COLOUR_RGB ( '',0.2862745098039215508, 0.2862745098039215508, 0.2862745098039215508 ) ;
#916 = UNCERTAINTY_MEASURE_WITH_UNIT (LENGTH_MEASURE( 1.000000000000000082E-05 ), #350, 'distance_accuracy_value', 'NONE');
#917 = SURFACE_SIDE_STYLE ('',( #1377 ) ) ;
#918 =( LENGTH_UNIT ( ) NAMED_UNIT ( * ) SI_UNIT ( .MILLI., .METRE. ) );
#919 = CARTESIAN_POINT ( 'NONE',  ( 0.1999999999999999278, -0.2500000000000000555, -0.02999999999999999889 ) ) ;
#920 = ORIENTED_EDGE ( 'NONE', *, *, #1451, .F. ) ;
#921 = CARTESIAN_POINT ( 'NONE',  ( 0.5000000000000000000, -0.2899999999999998135, 0.4699999999999999734 ) ) ;
#922 = CARTESIAN_POINT ( 'NONE',  ( 0.4500000000000000111, -0.2500000000000001665, -0.02999999999999999889 ) ) ;
#923 = LINE ( 'NONE', #165, #514 ) ;
#924 = CARTESIAN_POINT ( 'NONE',  ( 0.5000000000000000000, -0.2899999999999998135, 0.4599999999999999645 ) ) ;
#925 =( LENGTH_UNIT ( ) NAMED_UNIT ( * ) SI_UNIT ( .MILLI., .METRE. ) );
#926 = EDGE_CURVE ( 'NONE', #618, #351, #569, .T. ) ;
#927 = ORIENTED_EDGE ( 'NONE', *, *, #1451, .T. ) ;
#928 = CARTESIAN_POINT ( 'NONE',  ( -0.2000000000000000389, -0.2500000000000000000, -0.02999999999999999889 ) ) ;
#929 = CARTESIAN_POINT ( 'NONE',  ( 0.5000000000000000000, -0.2999999999999998779, 0.4599999999999999645 ) ) ;
#930 = CARTESIAN_POINT ( 'NONE',  ( -0.4899999999999999911, 0.000000000000000000, 0.4699999999999999734 ) ) ;
#931 = AXIS2_PLACEMENT_3D ( 'NONE', #1063, #1392, #769 ) ;
#932 = CLOSED_SHELL ( 'NONE', ( #1231, #645, #498, #76, #949, #711 ) ) ;
#933 = EDGE_LOOP ( 'NONE', ( #1593, #666, #1021, #952 ) ) ;
#934 = MECHANICAL_DESIGN_GEOMETRIC_PRESENTATION_REPRESENTATION (  '', ( #59 ), #335 ) ;
#935 = FACE_OUTER_BOUND ( 'NONE', #780, .T. ) ;
#936 = EDGE_CURVE ( 'NONE', #699, #1492, #542, .T. ) ;
#937 = CARTESIAN_POINT ( 'NONE',  ( 0.4899999999999999911, -0.2999999999999998779, 0.4599999999999999645 ) ) ;
#938 = AXIS2_PLACEMENT_3D ( 'NONE', #1915, #380, #401 ) ;
#939 = MECHANICAL_DESIGN_GEOMETRIC_PRESENTATION_REPRESENTATION (  '', ( #1786 ), #762 ) ;
#940 = SHAPE_DEFINITION_REPRESENTATION ( #1610, #824 ) ;
#941 = VECTOR ( 'NONE', #426, 1000.000000000000000 ) ;
#942 = DIRECTION ( 'NONE',  ( 3.738628180984500581E-16, -1.000000000000000000, 0.000000000000000000 ) ) ;
#943 = FILL_AREA_STYLE_COLOUR ( '', #915 ) ;
#944 =( GEOMETRIC_REPRESENTATION_CONTEXT ( 3 ) GLOBAL_UNCERTAINTY_ASSIGNED_CONTEXT ( ( #1747 ) ) GLOBAL_UNIT_ASSIGNED_CONTEXT ( ( #227, #736, #1010 ) ) REPRESENTATION_CONTEXT ( 'NONE', 'WORKASPACE' ) );
#945 =( GEOMETRIC_REPRESENTATION_CONTEXT ( 3 ) GLOBAL_UNCERTAINTY_ASSIGNED_CONTEXT ( ( #1421 ) ) GLOBAL_UNIT_ASSIGNED_CONTEXT ( ( #628, #1395, #1225 ) ) REPRESENTATION_CONTEXT ( 'NONE', 'WORKASPACE' ) );
#946 = ORIENTED_EDGE ( 'NONE', *, *, #700, .T. ) ;
#947 = DIRECTION ( 'NONE',  ( 1.000000000000000000, 0.000000000000000000, 0.000000000000000000 ) ) ;
#948 = DIRECTION ( 'NONE',  ( 0.000000000000000000, 0.000000000000000000, -1.000000000000000000 ) ) ;
#949 = ADVANCED_FACE ( 'NONE', ( #417 ), #706, .T. ) ;
#950 = LINE ( 'NONE', #75, #1036 ) ;
#951 = DIRECTION ( 'NONE',  ( 0.000000000000000000, 0.000000000000000000, -1.000000000000000000 ) ) ;
#952 = ORIENTED_EDGE ( 'NONE', *, *, #1009, .F. ) ;
#953 = CYLINDRICAL_SURFACE ( 'NONE', #46, 0.01000000000000002623 ) ;
#954 = PRESENTATION_STYLE_ASSIGNMENT (( #362 ) ) ;
#955 = FILL_AREA_STYLE ('',( #363 ) ) ;
#956 = ADVANCED_FACE ( 'NONE', ( #870 ), #405, .T. ) ;
#957 = AXIS2_PLACEMENT_3D ( 'NONE', #1429, #507, #942 ) ;
#958 = SPHERICAL_SURFACE ( 'NONE', #1142, 0.01000000000000000021 ) ;
#959 = CARTESIAN_POINT ( 'NONE',  ( -0.4899999999999999911, 0.000000000000000000, 0.4599999999999999645 ) ) ;
#960 = COLOUR_RGB ( '',0.8039215686274510109, 0.8039215686274510109, 0.8039215686274510109 ) ;
#961 = MECHANICAL_DESIGN_GEOMETRIC_PRESENTATION_REPRESENTATION (  '', ( #1402 ), #235 ) ;
#962 = CARTESIAN_POINT ( 'NONE',  ( -0.5000000000000000000, 0.2899999999999999800, 0.01000000000000002623 ) ) ;
#963 = SURFACE_STYLE_FILL_AREA ( #24 ) ;
#964 = AXIS2_PLACEMENT_3D ( 'NONE', #667, #1461, #1952 ) ;
#965 = DIRECTION ( 'NONE',  ( -1.000000000000000000, 0.000000000000000000, 0.000000000000000000 ) ) ;
#966 = VECTOR ( 'NONE', #834, 1000.000000000000000 ) ;
#967 = COLOUR_RGB ( '',0.2862745098039215508, 0.2862745098039215508, 0.2862745098039215508 ) ;
#968 = ADVANCED_FACE ( 'NONE', ( #396 ), #1951, .T. ) ;
#969 = DIRECTION ( 'NONE',  ( 1.000000000000000000, -0.000000000000000000, 0.000000000000000000 ) ) ;
#970 = MECHANICAL_DESIGN_GEOMETRIC_PRESENTATION_REPRESENTATION (  '', ( #540 ), #765 ) ;
#971 = CARTESIAN_POINT ( 'NONE',  ( -0.4899999999999999911, -0.2899999999999998135, 0.01000000000000000021 ) ) ;
#972 = DIRECTION ( 'NONE',  ( -0.000000000000000000, -1.000000000000000000, -0.000000000000000000 ) ) ;
#973 = AXIS2_PLACEMENT_3D ( 'NONE', #28, #377, #1897 ) ;
#974 = UNCERTAINTY_MEASURE_WITH_UNIT (LENGTH_MEASURE( 1.000000000000000082E-05 ), #1887, 'distance_accuracy_value', 'NONE');
#975 = FILL_AREA_STYLE ('',( #1781 ) ) ;
#976 = CARTESIAN_POINT ( 'NONE',  ( -0.4500000000000000111, 0.2499999999999999445, -0.02999999999999999889 ) ) ;
#977 = STYLED_ITEM ( 'NONE', ( #1980 ), #1899 ) ;
#978 = SURFACE_STYLE_FILL_AREA ( #522 ) ;
#979 = FILL_AREA_STYLE ('',( #1491 ) ) ;
#980 = ORIENTED_EDGE ( 'NONE', *, *, #1680, .F. ) ;
#981 =( NAMED_UNIT ( * ) SI_UNIT ( $, .STERADIAN. ) SOLID_ANGLE_UNIT ( ) );
#982 = FACE_OUTER_BOUND ( 'NONE', #79, .T. ) ;
#983 = EDGE_CURVE ( 'NONE', #284, #1794, #1229, .T. ) ;
#984 = DIRECTION ( 'NONE',  ( 0.000000000000000000, 1.000000000000000000, -0.000000000000000000 ) ) ;
#985 = SURFACE_STYLE_USAGE ( .BOTH. , #1288 ) ;
#986 = ORIENTED_EDGE ( 'NONE', *, *, #567, .F. ) ;
#987 = SURFACE_SIDE_STYLE ('',( #737 ) ) ;
#988 = FILL_AREA_STYLE_COLOUR ( '', #515 ) ;
#989 = MECHANICAL_DESIGN_GEOMETRIC_PRESENTATION_REPRESENTATION (  '', ( #1953 ), #169 ) ;
#990 = UNCERTAINTY_MEASURE_WITH_UNIT (LENGTH_MEASURE( 1.000000000000000082E-05 ), #1321, 'distance_accuracy_value', 'NONE');
#991 = ORIENTED_EDGE ( 'NONE', *, *, #802, .T. ) ;
#992 = EDGE_CURVE ( 'NONE', #86, #69, #1818, .T. ) ;
#993 = DIRECTION ( 'NONE',  ( 0.000000000000000000, 0.000000000000000000, -1.000000000000000000 ) ) ;
#994 = CIRCLE ( 'NONE', #139, 0.009999999999999998473 ) ;
#995 = PRESENTATION_STYLE_ASSIGNMENT (( #1122 ) ) ;
#996 = AXIS2_PLACEMENT_3D ( 'NONE', #82, #1013, #1299 ) ;
#997 = COLOUR_RGB ( '',0.2862745098039215508, 0.2862745098039215508, 0.2862745098039215508 ) ;
#998 =( NAMED_UNIT ( * ) PLANE_ANGLE_UNIT ( ) SI_UNIT ( $, .RADIAN. ) );
#999 = CARTESIAN_POINT ( 'NONE',  ( -0.4899999999999999911, 0.2899999999999999800, 0.4649999999999999689 ) ) ;
#1000 = AXIS2_PLACEMENT_3D ( 'NONE', #1785, #107, #561 ) ;
#1001 = CARTESIAN_POINT ( 'NONE',  ( -0.4899999999999997691, -0.2899999999999998135, 0.4699999999999999734 ) ) ;
#1002 = ORIENTED_EDGE ( 'NONE', *, *, #833, .T. ) ;
#1003 = MECHANICAL_DESIGN_GEOMETRIC_PRESENTATION_REPRESENTATION (  '', ( #1211 ), #352 ) ;
#1004 =( NAMED_UNIT ( * ) SI_UNIT ( $, .STERADIAN. ) SOLID_ANGLE_UNIT ( ) );
#1005 =( GEOMETRIC_REPRESENTATION_CONTEXT ( 3 ) GLOBAL_UNCERTAINTY_ASSIGNED_CONTEXT ( ( #610 ) ) GLOBAL_UNIT_ASSIGNED_CONTEXT ( ( #1324, #856, #720 ) ) REPRESENTATION_CONTEXT ( 'NONE', 'WORKASPACE' ) );
#1006 = LINE ( 'NONE', #407, #148 ) ;
#1007 = VECTOR ( 'NONE', #1656, 1000.000000000000000 ) ;
#1008 = DIRECTION ( 'NONE',  ( -1.084202172485504434E-16, -1.000000000000000000, -0.000000000000000000 ) ) ;
#1009 = EDGE_CURVE ( 'NONE', #241, #1857, #465, .T. ) ;
#1010 =( NAMED_UNIT ( * ) SI_UNIT ( $, .STERADIAN. ) SOLID_ANGLE_UNIT ( ) );
#1011 = CARTESIAN_POINT ( 'NONE',  ( 0.000000000000000000, 0.000000000000000000, 0.000000000000000000 ) ) ;
#1012 = CARTESIAN_POINT ( 'NONE',  ( -0.4899999999999997691, -0.2899999999999998135, 0.4649999999999999689 ) ) ;
#1013 = DIRECTION ( 'NONE',  ( -2.168404344971009361E-16, -1.000000000000000000, 0.000000000000000000 ) ) ;
#1014 = VERTEX_POINT ( 'NONE', #1346 ) ;
#1015 = ORIENTED_EDGE ( 'NONE', *, *, #355, .T. ) ;
#1016 = SURFACE_STYLE_USAGE ( .BOTH. , #1332 ) ;
#1017 = ORIENTED_EDGE ( 'NONE', *, *, #1018, .T. ) ;
#1018 = EDGE_CURVE ( 'NONE', #1894, #1618, #1985, .T. ) ;
#1019 = SURFACE_STYLE_USAGE ( .BOTH. , #1946 ) ;
#1020 = LINE ( 'NONE', #1192, #1007 ) ;
#1021 = ORIENTED_EDGE ( 'NONE', *, *, #833, .F. ) ;
#1022 = VERTEX_POINT ( 'NONE', #1023 ) ;
#1023 = CARTESIAN_POINT ( 'NONE',  ( -0.3649999999999998801, -0.2899999999999998135, 0.4699999999999999734 ) ) ;
#1024 = VECTOR ( 'NONE', #54, 1000.000000000000000 ) ;
#1025 = DIRECTION ( 'NONE',  ( 0.000000000000000000, 0.000000000000000000, 1.000000000000000000 ) ) ;
#1026 = FACE_OUTER_BOUND ( 'NONE', #1157, .T. ) ;
#1027 = FACE_OUTER_BOUND ( 'NONE', #1045, .T. ) ;
#1028 = AXIS2_PLACEMENT_3D ( 'NONE', #959, #1144, #208 ) ;
#1029 = SURFACE_STYLE_USAGE ( .BOTH. , #637 ) ;
#1030 = DIRECTION ( 'NONE',  ( 0.000000000000000000, -1.000000000000000000, -0.000000000000000000 ) ) ;
#1031 = COLOUR_RGB ( '',0.2862745098039215508, 0.2862745098039215508, 0.2862745098039215508 ) ;
#1032 = DIRECTION ( 'NONE',  ( -1.000000000000000000, 0.000000000000000000, 0.000000000000000000 ) ) ;
#1033 = STYLED_ITEM ( 'NONE', ( #319 ), #968 ) ;
#1034 = ORIENTED_EDGE ( 'NONE', *, *, #781, .F. ) ;
#1035 = ORIENTED_EDGE ( 'NONE', *, *, #1958, .F. ) ;
#1036 = VECTOR ( 'NONE', #1621, 1000.000000000000000 ) ;
#1037 = CYLINDRICAL_SURFACE ( 'NONE', #1595, 0.01000000000000000021 ) ;
#1038 = VECTOR ( 'NONE', #1064, 1000.000000000000000 ) ;
#1039 = SURFACE_STYLE_FILL_AREA ( #1548 ) ;
#1040 = STYLED_ITEM ( 'NONE', ( #1254 ), #2008 ) ;
#1041 = DIRECTION ( 'NONE',  ( 0.000000000000000000, 1.000000000000000000, -5.421010862427508759E-15 ) ) ;
#1042 = CARTESIAN_POINT ( 'NONE',  ( -0.3649999999999998801, -0.2899999999999998135, 0.4699999999999999734 ) ) ;
#1043 = DIRECTION ( 'NONE',  ( 0.000000000000000000, -0.000000000000000000, 1.000000000000000000 ) ) ;
#1044 =( NAMED_UNIT ( * ) SI_UNIT ( $, .STERADIAN. ) SOLID_ANGLE_UNIT ( ) );
#1045 = EDGE_LOOP ( 'NONE', ( #1967, #262, #1532 ) ) ;
#1046 = ADVANCED_FACE ( 'NONE', ( #438 ), #643, .F. ) ;
#1047 = SURFACE_STYLE_FILL_AREA ( #584 ) ;
#1048 = CARTESIAN_POINT ( 'NONE',  ( 0.1999999999999999278, -0.2500000000000000555, -0.02999999999999999889 ) ) ;
#1049 = FILL_AREA_STYLE_COLOUR ( '', #1132 ) ;
#1050 = DIRECTION ( 'NONE',  ( 0.000000000000000000, 1.000000000000000000, 0.000000000000000000 ) ) ;
#1051 =( NAMED_UNIT ( * ) PLANE_ANGLE_UNIT ( ) SI_UNIT ( $, .RADIAN. ) );
#1052 = DIRECTION ( 'NONE',  ( 0.000000000000000000, 0.000000000000000000, -1.000000000000000000 ) ) ;
#1053 = PRESENTATION_STYLE_ASSIGNMENT (( #1531 ) ) ;
#1054 = ORIENTED_EDGE ( 'NONE', *, *, #1630, .T. ) ;
#1055 = DIRECTION ( 'NONE',  ( 0.000000000000000000, 0.000000000000000000, 1.000000000000000000 ) ) ;
#1056 = EDGE_CURVE ( 'NONE', #545, #587, #440, .T. ) ;
#1057 = DIRECTION ( 'NONE',  ( 0.000000000000000000, 0.000000000000000000, -1.000000000000000000 ) ) ;
#1058 = STYLED_ITEM ( 'NONE', ( #179 ), #406 ) ;
#1059 = DIRECTION ( 'NONE',  ( 0.000000000000000000, 0.000000000000000000, -1.000000000000000000 ) ) ;
#1060 = PRESENTATION_LAYER_ASSIGNMENT (  '', '', ( #431 ) ) ;
#1061 = STYLED_ITEM ( 'NONE', ( #1067 ), #149 ) ;
#1062 = PRESENTATION_STYLE_ASSIGNMENT (( #1690 ) ) ;
#1063 = CARTESIAN_POINT ( 'NONE',  ( -0.2000000000000000389, -0.2500000000000000000, -0.02999999999999999889 ) ) ;
#1064 = DIRECTION ( 'NONE',  ( -0.000000000000000000, -0.000000000000000000, 1.000000000000000000 ) ) ;
#1065 = STYLED_ITEM ( 'NONE', ( #414 ), #645 ) ;
#1066 = PRESENTATION_STYLE_ASSIGNMENT (( #905 ) ) ;
#1067 = PRESENTATION_STYLE_ASSIGNMENT (( #448 ) ) ;
#1068 =( GEOMETRIC_REPRESENTATION_CONTEXT ( 3 ) GLOBAL_UNCERTAINTY_ASSIGNED_CONTEXT ( ( #1253 ) ) GLOBAL_UNIT_ASSIGNED_CONTEXT ( ( #1247, #357, #1904 ) ) REPRESENTATION_CONTEXT ( 'NONE', 'WORKASPACE' ) );
#1069 = SURFACE_SIDE_STYLE ('',( #1686 ) ) ;
#1070 = CARTESIAN_POINT ( 'NONE',  ( 0.4500000000000000111, -0.2500000000000001665, -0.02999999999999999889 ) ) ;
#1071 =( NAMED_UNIT ( * ) SI_UNIT ( $, .STERADIAN. ) SOLID_ANGLE_UNIT ( ) );
#1072 = SURFACE_SIDE_STYLE ('',( #295 ) ) ;
#1073 = PRESENTATION_LAYER_ASSIGNMENT (  '', '', ( #1280 ) ) ;
#1074 =( GEOMETRIC_REPRESENTATION_CONTEXT ( 3 ) GLOBAL_UNCERTAINTY_ASSIGNED_CONTEXT ( ( #348 ) ) GLOBAL_UNIT_ASSIGNED_CONTEXT ( ( #168, #312, #638 ) ) REPRESENTATION_CONTEXT ( 'NONE', 'WORKASPACE' ) );
#1075 = EDGE_CURVE ( 'NONE', #395, #1492, #1546, .T. ) ;
#1076 = MECHANICAL_DESIGN_GEOMETRIC_PRESENTATION_REPRESENTATION (  '', ( #11 ), #1347 ) ;
#1077 = CARTESIAN_POINT ( 'NONE',  ( -0.4899999999999999911, -0.2999999999999998779, 0.01000000000000002623 ) ) ;
#1078 = FACE_OUTER_BOUND ( 'NONE', #1714, .T. ) ;
#1079 = DIRECTION ( 'NONE',  ( -1.869314090492249798E-16, 1.000000000000000000, 0.000000000000000000 ) ) ;
#1080 = AXIS2_PLACEMENT_3D ( 'NONE', #1086, #1567, #1709 ) ;
#1081 = LINE ( 'NONE', #1997, #1719 ) ;
#1082 = EDGE_LOOP ( 'NONE', ( #1115, #869, #83, #183, #1150 ) ) ;
#1083 = CARTESIAN_POINT ( 'NONE',  ( 0.1999999999999999278, -0.2500000000000000555, 0.000000000000000000 ) ) ;
#1084 = SURFACE_STYLE_FILL_AREA ( #484 ) ;
#1085 = CYLINDRICAL_SURFACE ( 'NONE', #317, 0.01000000000000002623 ) ;
#1086 = CARTESIAN_POINT ( 'NONE',  ( 0.000000000000000000, 0.000000000000000000, 0.000000000000000000 ) ) ;
#1087 = EDGE_CURVE ( 'NONE', #727, #1209, #752, .T. ) ;
#1088 = SURFACE_STYLE_USAGE ( .BOTH. , #518 ) ;
#1089 = SURFACE_SIDE_STYLE ('',( #1405 ) ) ;
#1090 = ORIENTED_EDGE ( 'NONE', *, *, #1869, .F. ) ;
#1091 = CARTESIAN_POINT ( 'NONE',  ( -0.4899999999999999911, -0.2999999999999998779, 0.4599999999999999645 ) ) ;
#1092 =( NAMED_UNIT ( * ) PLANE_ANGLE_UNIT ( ) SI_UNIT ( $, .RADIAN. ) );
#1093 = DIRECTION ( 'NONE',  ( 0.000000000000000000, 0.000000000000000000, -1.000000000000000000 ) ) ;
#1094 = PRESENTATION_STYLE_ASSIGNMENT (( #1220 ) ) ;
#1095 = DIRECTION ( 'NONE',  ( 1.000000000000000000, 0.000000000000000000, 0.000000000000000000 ) ) ;
#1096 = AXIS2_PLACEMENT_3D ( 'NONE', #1011, #616, #1362 ) ;
#1097 = SURFACE_STYLE_FILL_AREA ( #662 ) ;
#1098 = AXIS2_PLACEMENT_3D ( 'NONE', #520, #23, #1734 ) ;
#1099 =( NAMED_UNIT ( * ) PLANE_ANGLE_UNIT ( ) SI_UNIT ( $, .RADIAN. ) );
#1100 = VECTOR ( 'NONE', #328, 1000.000000000000000 ) ;
#1101 = UNCERTAINTY_MEASURE_WITH_UNIT (LENGTH_MEASURE( 1.000000000000000082E-05 ), #1753, 'distance_accuracy_value', 'NONE');
#1102 = CARTESIAN_POINT ( 'NONE',  ( -0.4899999999999999911, 0.3000000000000000444, 0.4699999999999999734 ) ) ;
#1103 = COLOUR_RGB ( '',0.9607843137254902244, 0.9607843137254902244, 0.9607843137254902244 ) ;
#1104 =( NAMED_UNIT ( * ) SI_UNIT ( $, .STERADIAN. ) SOLID_ANGLE_UNIT ( ) );
#1105 = ORIENTED_EDGE ( 'NONE', *, *, #355, .F. ) ;
#1106 = DIRECTION ( 'NONE',  ( -1.084202172485504434E-16, -1.000000000000000000, -0.000000000000000000 ) ) ;
#1107 =( GEOMETRIC_REPRESENTATION_CONTEXT ( 3 ) GLOBAL_UNCERTAINTY_ASSIGNED_CONTEXT ( ( #682 ) ) GLOBAL_UNIT_ASSIGNED_CONTEXT ( ( #1615, #1772, #56 ) ) REPRESENTATION_CONTEXT ( 'NONE', 'WORKASPACE' ) );
#1108 = VECTOR ( 'NONE', #774, 1000.000000000000000 ) ;
#1109 = SURFACE_STYLE_FILL_AREA ( #1878 ) ;
#1110 = AXIS2_PLACEMENT_3D ( 'NONE', #140, #1356, #1055 ) ;
#1111 = FACE_OUTER_BOUND ( 'NONE', #1760, .T. ) ;
#1112 = CIRCLE ( 'NONE', #213, 0.01000000000000002623 ) ;
#1113 =( GEOMETRIC_REPRESENTATION_CONTEXT ( 3 ) GLOBAL_UNCERTAINTY_ASSIGNED_CONTEXT ( ( #916 ) ) GLOBAL_UNIT_ASSIGNED_CONTEXT ( ( #350, #1124, #190 ) ) REPRESENTATION_CONTEXT ( 'NONE', 'WORKASPACE' ) );
#1114 = CARTESIAN_POINT ( 'NONE',  ( 0.4899999999999999911, 0.2899999999999999800, 0.01000000000000002623 ) ) ;
#1115 = ORIENTED_EDGE ( 'NONE', *, *, #1056, .F. ) ;
#1116 = CARTESIAN_POINT ( 'NONE',  ( 0.4899999999999999911, -0.2899999999999998135, 0.01000000000000000021 ) ) ;
#1117 = MECHANICAL_DESIGN_GEOMETRIC_PRESENTATION_REPRESENTATION (  '', ( #246 ), #1825 ) ;
#1118 = CYLINDRICAL_SURFACE ( 'NONE', #1028, 0.01000000000000002623 ) ;
#1119 = VECTOR ( 'NONE', #423, 1000.000000000000000 ) ;
#1120 = LINE ( 'NONE', #928, #1496 ) ;
#1121 = EDGE_CURVE ( 'NONE', #1643, #1336, #1681, .T. ) ;
#1122 = SURFACE_STYLE_USAGE ( .BOTH. , #517 ) ;
#1123 = UNCERTAINTY_MEASURE_WITH_UNIT (LENGTH_MEASURE( 1.000000000000000082E-05 ), #1619, 'distance_accuracy_value', 'NONE');
#1124 =( NAMED_UNIT ( * ) PLANE_ANGLE_UNIT ( ) SI_UNIT ( $, .RADIAN. ) );
#1125 =( NAMED_UNIT ( * ) PLANE_ANGLE_UNIT ( ) SI_UNIT ( $, .RADIAN. ) );
#1126 = DIRECTION ( 'NONE',  ( -0.000000000000000000, -0.000000000000000000, 1.000000000000000000 ) ) ;
#1127 = EDGE_CURVE ( 'NONE', #481, #9, #12, .T. ) ;
#1128 = ADVANCED_FACE ( 'NONE', ( #2010 ), #624, .F. ) ;
#1129 = PLANE ( 'NONE',  #957 ) ;
#1130 =( NAMED_UNIT ( * ) SI_UNIT ( $, .STERADIAN. ) SOLID_ANGLE_UNIT ( ) );
#1131 = CLOSED_SHELL ( 'NONE', ( #1375, #841, #446, #1140, #1272, #205, #1248, #1190, #876, #2008, #968, #594, #172, #1316, #790, #1937, #826, #677, #1561, #1597, #1713, #708, #1612, #1179, #1428, #534, #1046, #914, #1128, #160, #1911 ) ) ;
#1132 = COLOUR_RGB ( '',0.8039215686274510109, 0.8039215686274510109, 0.8039215686274510109 ) ;
#1133 = SURFACE_STYLE_USAGE ( .BOTH. , #550 ) ;
#1134 = CARTESIAN_POINT ( 'NONE',  ( -0.5000000000000000000, -0.2999999999999998779, 0.4699999999999999734 ) ) ;
#1135 = STYLED_ITEM ( 'NONE', ( #716 ), #790 ) ;
#1136 = FILL_AREA_STYLE_COLOUR ( '', #1861 ) ;
#1137 = PRESENTATION_LAYER_ASSIGNMENT (  '', '', ( #1504 ) ) ;
#1138 = MECHANICAL_DESIGN_GEOMETRIC_PRESENTATION_REPRESENTATION (  '', ( #1171 ), #1856 ) ;
#1139 = ORIENTED_EDGE ( 'NONE', *, *, #911, .T. ) ;
#1140 = ADVANCED_FACE ( 'NONE', ( #1398 ), #3, .F. ) ;
#1141 = COLOUR_RGB ( '',0.2862745098039215508, 0.2862745098039215508, 0.2862745098039215508 ) ;
#1142 = AXIS2_PLACEMENT_3D ( 'NONE', #971, #20, #798 ) ;
#1143 =( LENGTH_UNIT ( ) NAMED_UNIT ( * ) SI_UNIT ( .MILLI., .METRE. ) );
#1144 = DIRECTION ( 'NONE',  ( 0.000000000000000000, -1.000000000000000000, 0.000000000000000000 ) ) ;
#1145 = PLANE ( 'NONE',  #1959 ) ;
#1146 =( GEOMETRIC_REPRESENTATION_CONTEXT ( 3 ) GLOBAL_UNCERTAINTY_ASSIGNED_CONTEXT ( ( #1831 ) ) GLOBAL_UNIT_ASSIGNED_CONTEXT ( ( #336, #649, #469 ) ) REPRESENTATION_CONTEXT ( 'NONE', 'WORKASPACE' ) );
#1147 =( LENGTH_UNIT ( ) NAMED_UNIT ( * ) SI_UNIT ( .MILLI., .METRE. ) );
#1148 = CARTESIAN_POINT ( 'NONE',  ( 0.000000000000000000, 0.000000000000000000, 0.4699999999999999734 ) ) ;
#1149 = SURFACE_STYLE_USAGE ( .BOTH. , #544 ) ;
#1150 = ORIENTED_EDGE ( 'NONE', *, *, #16, .F. ) ;
#1151 = EDGE_CURVE ( 'NONE', #1488, #1368, #1912, .T. ) ;
#1152 = CARTESIAN_POINT ( 'NONE',  ( -0.4500000000000001221, -0.2500000000000000555, -0.02999999999999999889 ) ) ;
#1153 = SURFACE_SIDE_STYLE ('',( #249 ) ) ;
#1154 = DIRECTION ( 'NONE',  ( 0.000000000000000000, 1.000000000000000000, 0.000000000000000000 ) ) ;
#1155 = EDGE_LOOP ( 'NONE', ( #1017, #554, #1349, #347 ) ) ;
#1156 = DIRECTION ( 'NONE',  ( -0.000000000000000000, 0.000000000000000000, 1.000000000000000000 ) ) ;
#1157 = EDGE_LOOP ( 'NONE', ( #588, #191, #416, #1283 ) ) ;
#1158 = DIRECTION ( 'NONE',  ( 1.000000000000000000, -2.168404344971008868E-16, 0.000000000000000000 ) ) ;
#1159 =( LENGTH_UNIT ( ) NAMED_UNIT ( * ) SI_UNIT ( .MILLI., .METRE. ) );
#1160 = FILL_AREA_STYLE ('',( #988 ) ) ;
#1161 = COLOUR_RGB ( '',0.2862745098039215508, 0.2862745098039215508, 0.2862745098039215508 ) ;
#1162 = UNCERTAINTY_MEASURE_WITH_UNIT (LENGTH_MEASURE( 1.000000000000000082E-05 ), #1837, 'distance_accuracy_value', 'NONE');
#1163 = CARTESIAN_POINT ( 'NONE',  ( -0.1999999999999999833, 0.2499999999999999445, 0.000000000000000000 ) ) ;
#1164 = ORIENTED_EDGE ( 'NONE', *, *, #1958, .T. ) ;
#1165 = FACE_OUTER_BOUND ( 'NONE', #1634, .T. ) ;
#1166 = MECHANICAL_DESIGN_GEOMETRIC_PRESENTATION_REPRESENTATION (  '', ( #1270 ), #901 ) ;
#1167 =( NAMED_UNIT ( * ) PLANE_ANGLE_UNIT ( ) SI_UNIT ( $, .RADIAN. ) );
#1168 = CARTESIAN_POINT ( 'NONE',  ( -0.4500000000000001221, -0.2500000000000000555, -0.02999999999999999889 ) ) ;
#1169 = AXIS2_PLACEMENT_3D ( 'NONE', #1741, #1751, #1791 ) ;
#1170 = EDGE_LOOP ( 'NONE', ( #1409, #1342, #1909 ) ) ;
#1171 = STYLED_ITEM ( 'NONE', ( #1094 ), #1128 ) ;
#1172 = DIRECTION ( 'NONE',  ( 0.000000000000000000, 0.000000000000000000, -1.000000000000000000 ) ) ;
#1173 = PLANE ( 'NONE',  #1417 ) ;
#1174 = PRESENTATION_STYLE_ASSIGNMENT (( #1133 ) ) ;
#1175 = EDGE_LOOP ( 'NONE', ( #2007, #1694, #980, #579 ) ) ;
#1176 = VECTOR ( 'NONE', #475, 1000.000000000000000 ) ;
#1177 = ORIENTED_EDGE ( 'NONE', *, *, #2003, .F. ) ;
#1178 = SURFACE_SIDE_STYLE ('',( #1766 ) ) ;
#1179 = ADVANCED_FACE ( 'NONE', ( #1902 ), #1426, .T. ) ;
#1180 = SURFACE_STYLE_FILL_AREA ( #93 ) ;
#1181 = VECTOR ( 'NONE', #722, 1000.000000000000000 ) ;
#1182 = EDGE_LOOP ( 'NONE', ( #688, #1670, #1813, #704 ) ) ;
#1183 = FILL_AREA_STYLE_COLOUR ( '', #797 ) ;
#1184 = PRESENTATION_STYLE_ASSIGNMENT (( #895 ) ) ;
#1185 = EDGE_LOOP ( 'NONE', ( #1239, #804, #1139, #194 ) ) ;
#1186 = ORIENTED_EDGE ( 'NONE', *, *, #1385, .T. ) ;
#1187 = CARTESIAN_POINT ( 'NONE',  ( 0.5000000000000000000, -0.2999999999999998779, 0.4699999999999999734 ) ) ;
#1188 = LINE ( 'NONE', #1303, #1721 ) ;
#1189 = ORIENTED_EDGE ( 'NONE', *, *, #1944, .T. ) ;
#1190 = ADVANCED_FACE ( 'NONE', ( #1589 ), #1793, .T. ) ;
#1191 = FILL_AREA_STYLE ('',( #323 ) ) ;
#1192 = CARTESIAN_POINT ( 'NONE',  ( -0.4899999999999999911, 0.2899999999999999800, 0.4699999999999999734 ) ) ;
#1193 = FACE_OUTER_BOUND ( 'NONE', #1956, .T. ) ;
#1194 = ORIENTED_EDGE ( 'NONE', *, *, #432, .F. ) ;
#1195 = ORIENTED_EDGE ( 'NONE', *, *, #1018, .F. ) ;
#1196 =( GEOMETRIC_REPRESENTATION_CONTEXT ( 3 ) GLOBAL_UNCERTAINTY_ASSIGNED_CONTEXT ( ( #1640 ) ) GLOBAL_UNIT_ASSIGNED_CONTEXT ( ( #1570, #1099, #1445 ) ) REPRESENTATION_CONTEXT ( 'NONE', 'WORKASPACE' ) );
#1197 = SURFACE_STYLE_USAGE ( .BOTH. , #1358 ) ;
#1198 = VECTOR ( 'NONE', #338, 1000.000000000000000 ) ;
#1199 = DIRECTION ( 'NONE',  ( 0.000000000000000000, -0.000000000000000000, -1.000000000000000000 ) ) ;
#1200 = PRESENTATION_LAYER_ASSIGNMENT (  '', '', ( #1402 ) ) ;
#1201 = STYLED_ITEM ( 'NONE', ( #1184 ), #708 ) ;
#1202 = EDGE_CURVE ( 'NONE', #1209, #1436, #801, .T. ) ;
#1203 = LINE ( 'NONE', #1664, #354 ) ;
#1204 = SURFACE_STYLE_FILL_AREA ( #1691 ) ;
#1205 = COLOUR_RGB ( '',0.2862745098039215508, 0.2862745098039215508, 0.2862745098039215508 ) ;
#1206 =( NAMED_UNIT ( * ) SI_UNIT ( $, .STERADIAN. ) SOLID_ANGLE_UNIT ( ) );
#1207 = AXIS2_PLACEMENT_3D ( 'NONE', #888, #1847, #589 ) ;
#1208 = DIRECTION ( 'NONE',  ( -1.000000000000000000, 4.336808689942016750E-16, 0.000000000000000000 ) ) ;
#1209 = VERTEX_POINT ( 'NONE', #102 ) ;
#1210 =( GEOMETRIC_REPRESENTATION_CONTEXT ( 3 ) GLOBAL_UNCERTAINTY_ASSIGNED_CONTEXT ( ( #648 ) ) GLOBAL_UNIT_ASSIGNED_CONTEXT ( ( #185, #212, #1453 ) ) REPRESENTATION_CONTEXT ( 'NONE', 'WORKASPACE' ) );
#1211 = STYLED_ITEM ( 'NONE', ( #286 ), #1397 ) ;
#1212 =( NAMED_UNIT ( * ) PLANE_ANGLE_UNIT ( ) SI_UNIT ( $, .RADIAN. ) );
#1213 = AXIS2_PLACEMENT_3D ( 'NONE', #96, #1474, #64 ) ;
#1214 = DIRECTION ( 'NONE',  ( -1.000000000000000000, 0.000000000000000000, 0.000000000000000000 ) ) ;
#1215 = VECTOR ( 'NONE', #1572, 1000.000000000000000 ) ;
#1216 = EDGE_CURVE ( 'NONE', #1720, #1406, #1112, .T. ) ;
#1217 = LINE ( 'NONE', #739, #535 ) ;
#1218 = ORIENTED_EDGE ( 'NONE', *, *, #622, .T. ) ;
#1219 =( NAMED_UNIT ( * ) PLANE_ANGLE_UNIT ( ) SI_UNIT ( $, .RADIAN. ) );
#1220 = SURFACE_STYLE_USAGE ( .BOTH. , #604 ) ;
#1221 = SURFACE_STYLE_USAGE ( .BOTH. , #131 ) ;
#1222 = FILL_AREA_STYLE_COLOUR ( '', #1569 ) ;
#1223 = SPHERICAL_SURFACE ( 'NONE', #732, 0.01000000000000000021 ) ;
#1224 = ORIENTED_EDGE ( 'NONE', *, *, #1523, .F. ) ;
#1225 =( NAMED_UNIT ( * ) SI_UNIT ( $, .STERADIAN. ) SOLID_ANGLE_UNIT ( ) );
#1226 =( NAMED_UNIT ( * ) PLANE_ANGLE_UNIT ( ) SI_UNIT ( $, .RADIAN. ) );
#1227 = SURFACE_STYLE_FILL_AREA ( #1824 ) ;
#1228 = ORIENTED_EDGE ( 'NONE', *, *, #1127, .T. ) ;
#1229 = LINE ( 'NONE', #105, #724 ) ;
#1230 =( NAMED_UNIT ( * ) SI_UNIT ( $, .STERADIAN. ) SOLID_ANGLE_UNIT ( ) );
#1231 = ADVANCED_FACE ( 'NONE', ( #1165 ), #1804, .F. ) ;
#1232 =( NAMED_UNIT ( * ) PLANE_ANGLE_UNIT ( ) SI_UNIT ( $, .RADIAN. ) );
#1233 = CARTESIAN_POINT ( 'NONE',  ( 0.4899999999999999911, -0.2899999999999998135, 0.01000000000000000021 ) ) ;
#1234 = CARTESIAN_POINT ( 'NONE',  ( 0.4899999999999999911, -0.2899999999999998135, 0.01000000000000002623 ) ) ;
#1235 = VECTOR ( 'NONE', #646, 1000.000000000000000 ) ;
#1236 =( LENGTH_UNIT ( ) NAMED_UNIT ( * ) SI_UNIT ( .MILLI., .METRE. ) );
#1237 =( NAMED_UNIT ( * ) SI_UNIT ( $, .STERADIAN. ) SOLID_ANGLE_UNIT ( ) );
#1238 = CARTESIAN_POINT ( 'NONE',  ( -0.3649999999999998801, -0.2899999999999998135, 0.4649999999999999689 ) ) ;
#1239 = ORIENTED_EDGE ( 'NONE', *, *, #612, .T. ) ;
#1240 = AXIS2_PLACEMENT_3D ( 'NONE', #260, #1457, #1949 ) ;
#1241 = VECTOR ( 'NONE', #52, 1000.000000000000000 ) ;
#1242 = PLANE ( 'NONE',  #1 ) ;
#1243 = ORIENTED_EDGE ( 'NONE', *, *, #1498, .T. ) ;
#1244 = LINE ( 'NONE', #1816, #265 ) ;
#1245 = DIRECTION ( 'NONE',  ( 3.738628180984499595E-16, -1.000000000000000000, 0.000000000000000000 ) ) ;
#1246 = PRESENTATION_LAYER_ASSIGNMENT (  '', '', ( #1903 ) ) ;
#1247 =( LENGTH_UNIT ( ) NAMED_UNIT ( * ) SI_UNIT ( .MILLI., .METRE. ) );
#1248 = ADVANCED_FACE ( 'NONE', ( #114 ), #754, .T. ) ;
#1249 = STYLED_ITEM ( 'NONE', ( #1974 ), #1375 ) ;
#1250 = LINE ( 'NONE', #1745, #757 ) ;
#1251 =( NAMED_UNIT ( * ) SI_UNIT ( $, .STERADIAN. ) SOLID_ANGLE_UNIT ( ) );
#1252 = ORIENTED_EDGE ( 'NONE', *, *, #728, .T. ) ;
#1253 = UNCERTAINTY_MEASURE_WITH_UNIT (LENGTH_MEASURE( 1.000000000000000082E-05 ), #1247, 'distance_accuracy_value', 'NONE');
#1254 = PRESENTATION_STYLE_ASSIGNMENT (( #27 ) ) ;
#1255 = DIRECTION ( 'NONE',  ( -0.000000000000000000, -0.000000000000000000, -1.000000000000000000 ) ) ;
#1256 = ORIENTED_EDGE ( 'NONE', *, *, #582, .T. ) ;
#1257 = CARTESIAN_POINT ( 'NONE',  ( 0.4899999999999999911, 0.000000000000000000, 0.4699999999999999734 ) ) ;
#1258 = SURFACE_SIDE_STYLE ('',( #832 ) ) ;
#1259 = CARTESIAN_POINT ( 'NONE',  ( -0.4899999999999999911, -0.2899999999999998135, 0.4599999999999999645 ) ) ;
#1260 = LINE ( 'NONE', #366, #1464 ) ;
#1261 = ORIENTED_EDGE ( 'NONE', *, *, #582, .F. ) ;
#1262 = DIRECTION ( 'NONE',  ( 2.168404344971008868E-16, 1.000000000000000000, 0.000000000000000000 ) ) ;
#1263 = CARTESIAN_POINT ( 'NONE',  ( -0.5000000000000000000, -0.2899999999999998135, 0.000000000000000000 ) ) ;
#1264 = LINE ( 'NONE', #30, #684 ) ;
#1265 = DIRECTION ( 'NONE',  ( 0.000000000000000000, 1.000000000000000000, 0.000000000000000000 ) ) ;
#1266 =( NAMED_UNIT ( * ) PLANE_ANGLE_UNIT ( ) SI_UNIT ( $, .RADIAN. ) );
#1267 = SURFACE_STYLE_FILL_AREA ( #673 ) ;
#1268 = MECHANICAL_DESIGN_GEOMETRIC_PRESENTATION_REPRESENTATION (  '', ( #430 ), #593 ) ;
#1269 =( NAMED_UNIT ( * ) PLANE_ANGLE_UNIT ( ) SI_UNIT ( $, .RADIAN. ) );
#1270 = STYLED_ITEM ( 'NONE', ( #1439 ), #160 ) ;
#1271 = DIRECTION ( 'NONE',  ( -1.000000000000000000, -0.000000000000000000, -0.000000000000000000 ) ) ;
#1272 = ADVANCED_FACE ( 'NONE', ( #224 ), #674, .F. ) ;
#1273 = MECHANICAL_DESIGN_GEOMETRIC_PRESENTATION_REPRESENTATION (  '', ( #1374 ), #98 ) ;
#1274 = FILL_AREA_STYLE_COLOUR ( '', #1996 ) ;
#1275 = CARTESIAN_POINT ( 'NONE',  ( -0.4899999999999997691, -0.2899999999999998135, 0.4649999999999999689 ) ) ;
#1276 = ORIENTED_EDGE ( 'NONE', *, *, #890, .T. ) ;
#1277 = FILL_AREA_STYLE ('',( #1562 ) ) ;
#1278 = AXIS2_PLACEMENT_3D ( 'NONE', #1981, #1052, #1032 ) ;
#1279 =( NAMED_UNIT ( * ) PLANE_ANGLE_UNIT ( ) SI_UNIT ( $, .RADIAN. ) );
#1280 = STYLED_ITEM ( 'NONE', ( #51 ), #1179 ) ;
#1281 = COLOUR_RGB ( '',0.8039215686274510109, 0.8039215686274510109, 0.8039215686274510109 ) ;
#1282 = CARTESIAN_POINT ( 'NONE',  ( 0.2000000000000000389, 0.2499999999999998890, 0.000000000000000000 ) ) ;
#1283 = ORIENTED_EDGE ( 'NONE', *, *, #470, .T. ) ;
#1284 = CARTESIAN_POINT ( 'NONE',  ( 0.000000000000000000, 0.000000000000000000, 0.000000000000000000 ) ) ;
#1285 = LINE ( 'NONE', #1291, #851 ) ;
#1286 =( GEOMETRIC_REPRESENTATION_CONTEXT ( 3 ) GLOBAL_UNCERTAINTY_ASSIGNED_CONTEXT ( ( #1559 ) ) GLOBAL_UNIT_ASSIGNED_CONTEXT ( ( #447, #2004, #785 ) ) REPRESENTATION_CONTEXT ( 'NONE', 'WORKASPACE' ) );
#1287 = EDGE_CURVE ( 'NONE', #292, #1794, #950, .T. ) ;
#1288 = SURFACE_SIDE_STYLE ('',( #1084 ) ) ;
#1289 = FACE_OUTER_BOUND ( 'NONE', #600, .T. ) ;
#1290 = UNCERTAINTY_MEASURE_WITH_UNIT (LENGTH_MEASURE( 1.000000000000000082E-05 ), #1317, 'distance_accuracy_value', 'NONE');
#1291 = CARTESIAN_POINT ( 'NONE',  ( -0.5000000000000000000, -0.2999999999999998779, 0.4599999999999999645 ) ) ;
#1292 = DIRECTION ( 'NONE',  ( 0.000000000000000000, 0.000000000000000000, -1.000000000000000000 ) ) ;
#1293 = EDGE_CURVE ( 'NONE', #481, #69, #110, .T. ) ;
#1294 = CARTESIAN_POINT ( 'NONE',  ( 0.2000000000000000389, 0.2499999999999998890, 0.000000000000000000 ) ) ;
#1295 = ORIENTED_EDGE ( 'NONE', *, *, #777, .T. ) ;
#1296 = MECHANICAL_DESIGN_GEOMETRIC_PRESENTATION_REPRESENTATION (  '', ( #1058 ), #1196 ) ;
#1297 = SURFACE_STYLE_USAGE ( .BOTH. , #1585 ) ;
#1298 = CARTESIAN_POINT ( 'NONE',  ( -0.4899999999999997691, -0.2899999999999998135, 0.4649999999999999689 ) ) ;
#1299 = DIRECTION ( 'NONE',  ( 1.000000000000000000, -2.168404344971009361E-16, 0.000000000000000000 ) ) ;
#1300 = PRESENTATION_LAYER_ASSIGNMENT (  '', '', ( #1468 ) ) ;
#1301 = PRESENTATION_STYLE_ASSIGNMENT (( #1757 ) ) ;
#1302 = EDGE_CURVE ( 'NONE', #316, #69, #698, .T. ) ;
#1303 = CARTESIAN_POINT ( 'NONE',  ( -0.2000000000000000389, -0.2500000000000000000, -0.02999999999999999889 ) ) ;
#1304 = VECTOR ( 'NONE', #729, 1000.000000000000000 ) ;
#1305 = ORIENTED_EDGE ( 'NONE', *, *, #802, .F. ) ;
#1306 = STYLED_ITEM ( 'NONE', ( #1916 ), #1190 ) ;
#1307 = PRESENTATION_LAYER_ASSIGNMENT (  '', '', ( #1249 ) ) ;
#1308 = PLANE ( 'NONE',  #1096 ) ;
#1309 = DIRECTION ( 'NONE',  ( -1.869314090492249798E-16, 1.000000000000000000, 0.000000000000000000 ) ) ;
#1310 = AXIS2_PLACEMENT_3D ( 'NONE', #1152, #1158, #1507 ) ;
#1311 = FACE_OUTER_BOUND ( 'NONE', #1941, .T. ) ;
#1312 = ORIENTED_EDGE ( 'NONE', *, *, #631, .F. ) ;
#1313 = CARTESIAN_POINT ( 'NONE',  ( -0.4899999999999999911, 0.2899999999999999800, 0.4599999999999999645 ) ) ;
#1314 =( NAMED_UNIT ( * ) PLANE_ANGLE_UNIT ( ) SI_UNIT ( $, .RADIAN. ) );
#1315 = ORIENTED_EDGE ( 'NONE', *, *, #670, .F. ) ;
#1316 = ADVANCED_FACE ( 'NONE', ( #1111 ), #193, .T. ) ;
#1317 =( LENGTH_UNIT ( ) NAMED_UNIT ( * ) SI_UNIT ( .MILLI., .METRE. ) );
#1318 = FILL_AREA_STYLE ('',( #1183 ) ) ;
#1319 =( LENGTH_UNIT ( ) NAMED_UNIT ( * ) SI_UNIT ( .MILLI., .METRE. ) );
#1320 = SURFACE_SIDE_STYLE ('',( #1780 ) ) ;
#1321 =( LENGTH_UNIT ( ) NAMED_UNIT ( * ) SI_UNIT ( .MILLI., .METRE. ) );
#1322 = ORIENTED_EDGE ( 'NONE', *, *, #781, .T. ) ;
#1323 = CARTESIAN_POINT ( 'NONE',  ( 0.4899999999999999911, -0.2899999999999998135, 0.4599999999999999645 ) ) ;
#1324 =( LENGTH_UNIT ( ) NAMED_UNIT ( * ) SI_UNIT ( .MILLI., .METRE. ) );
#1325 = FILL_AREA_STYLE_COLOUR ( '', #1814 ) ;
#1326 = FILL_AREA_STYLE ('',( #1650 ) ) ;
#1327 = EDGE_CURVE ( 'NONE', #9, #587, #715, .T. ) ;
#1328 = FACE_OUTER_BOUND ( 'NONE', #868, .T. ) ;
#1329 = ORIENTED_EDGE ( 'NONE', *, *, #1359, .F. ) ;
#1330 = ORIENTED_EDGE ( 'NONE', *, *, #1293, .F. ) ;
#1331 = STYLED_ITEM ( 'NONE', ( #1965 ), #205 ) ;
#1332 = SURFACE_SIDE_STYLE ('',( #1180 ) ) ;
#1333 = PRESENTATION_LAYER_ASSIGNMENT (  '', '', ( #1201 ) ) ;
#1334 =( LENGTH_UNIT ( ) NAMED_UNIT ( * ) SI_UNIT ( .MILLI., .METRE. ) );
#1335 = PRESENTATION_LAYER_ASSIGNMENT (  '', '', ( #907 ) ) ;
#1336 = VERTEX_POINT ( 'NONE', #891 ) ;
#1337 =( GEOMETRIC_REPRESENTATION_CONTEXT ( 3 ) GLOBAL_UNCERTAINTY_ASSIGNED_CONTEXT ( ( #1437 ) ) GLOBAL_UNIT_ASSIGNED_CONTEXT ( ( #644, #364, #486 ) ) REPRESENTATION_CONTEXT ( 'NONE', 'WORKASPACE' ) );
#1338 = FACE_OUTER_BOUND ( 'NONE', #1782, .T. ) ;
#1339 = LINE ( 'NONE', #398, #1907 ) ;
#1340 = VECTOR ( 'NONE', #1480, 1000.000000000000000 ) ;
#1341 = CARTESIAN_POINT ( 'NONE',  ( -0.3649999999999998801, -0.2899999999999998135, 0.4699999999999999734 ) ) ;
#1342 = ORIENTED_EDGE ( 'NONE', *, *, #1293, .T. ) ;
#1343 = EDGE_CURVE ( 'NONE', #351, #1368, #1006, .T. ) ;
#1344 = PRESENTATION_LAYER_ASSIGNMENT (  '', '', ( #1905 ) ) ;
#1345 = EDGE_LOOP ( 'NONE', ( #1582, #91, #836, #1393 ) ) ;
#1346 = CARTESIAN_POINT ( 'NONE',  ( 0.4500000000000000111, -0.2500000000000001665, 0.000000000000000000 ) ) ;
#1347 =( GEOMETRIC_REPRESENTATION_CONTEXT ( 3 ) GLOBAL_UNCERTAINTY_ASSIGNED_CONTEXT ( ( #805 ) ) GLOBAL_UNIT_ASSIGNED_CONTEXT ( ( #1638, #866, #692 ) ) REPRESENTATION_CONTEXT ( 'NONE', 'WORKASPACE' ) );
#1348 = VECTOR ( 'NONE', #1309, 1000.000000000000000 ) ;
#1349 = ORIENTED_EDGE ( 'NONE', *, *, #1009, .T. ) ;
#1350 = SURFACE_SIDE_STYLE ('',( #1438 ) ) ;
#1351 = SURFACE_STYLE_USAGE ( .BOTH. , #115 ) ;
#1352 = CARTESIAN_POINT ( 'NONE',  ( -0.4899999999999997691, -0.2899999999999998135, 0.4699999999999999734 ) ) ;
#1353 = CARTESIAN_POINT ( 'NONE',  ( -0.4899999999999999911, 0.2899999999999999800, 0.4599999999999999645 ) ) ;
#1354 = VERTEX_POINT ( 'NONE', #1482 ) ;
#1355 = EDGE_LOOP ( 'NONE', ( #1542, #1886, #1628, #435 ) ) ;
#1356 = DIRECTION ( 'NONE',  ( 0.000000000000000000, 1.000000000000000000, 0.000000000000000000 ) ) ;
#1357 = FILL_AREA_STYLE ('',( #742 ) ) ;
#1358 = SURFACE_SIDE_STYLE ('',( #122 ) ) ;
#1359 = EDGE_CURVE ( 'NONE', #1406, #727, #418, .T. ) ;
#1360 = FILL_AREA_STYLE_COLOUR ( '', #473 ) ;
#1361 = DIRECTION ( 'NONE',  ( 2.168404344971008868E-16, 1.000000000000000000, 0.000000000000000000 ) ) ;
#1362 = DIRECTION ( 'NONE',  ( -1.000000000000000000, 0.000000000000000000, -0.000000000000000000 ) ) ;
#1363 = LINE ( 'NONE', #1042, #512 ) ;
#1364 = SURFACE_SIDE_STYLE ('',( #1811 ) ) ;
#1365 =( LENGTH_UNIT ( ) NAMED_UNIT ( * ) SI_UNIT ( .MILLI., .METRE. ) );
#1366 = STYLED_ITEM ( 'NONE', ( #422 ), #202 ) ;
#1367 = LINE ( 'NONE', #1833, #1100 ) ;
#1368 = VERTEX_POINT ( 'NONE', #1775 ) ;
#1369 = FILL_AREA_STYLE_COLOUR ( '', #997 ) ;
#1370 = COLOUR_RGB ( '',0.8039215686274510109, 0.8039215686274510109, 0.8039215686274510109 ) ;
#1371 = FILL_AREA_STYLE ('',( #1986 ) ) ;
#1372 = PRESENTATION_LAYER_ASSIGNMENT (  '', '', ( #1061 ) ) ;
#1373 = DIRECTION ( 'NONE',  ( 0.000000000000000000, 0.000000000000000000, -1.000000000000000000 ) ) ;
#1374 = STYLED_ITEM ( 'NONE', ( #1475 ), #195 ) ;
#1375 = ADVANCED_FACE ( 'NONE', ( #254 ), #581, .F. ) ;
#1376 =( GEOMETRIC_REPRESENTATION_CONTEXT ( 3 ) GLOBAL_UNCERTAINTY_ASSIGNED_CONTEXT ( ( #524 ) ) GLOBAL_UNIT_ASSIGNED_CONTEXT ( ( #33, #521, #1004 ) ) REPRESENTATION_CONTEXT ( 'NONE', 'WORKASPACE' ) );
#1377 = SURFACE_STYLE_FILL_AREA ( #1160 ) ;
#1378 = SURFACE_SIDE_STYLE ('',( #1705 ) ) ;
#1379 = ORIENTED_EDGE ( 'NONE', *, *, #1991, .T. ) ;
#1380 = STYLED_ITEM ( 'NONE', ( #995 ), #1316 ) ;
#1381 = LINE ( 'NONE', #459, #337 ) ;
#1382 = CIRCLE ( 'NONE', #575, 0.01000000000000002623 ) ;
#1383 = PLANE ( 'NONE',  #1477 ) ;
#1384 = CARTESIAN_POINT ( 'NONE',  ( 0.4500000000000000111, -0.2500000000000001665, -0.02999999999999999889 ) ) ;
#1385 = EDGE_CURVE ( 'NONE', #1777, #574, #1631, .T. ) ;
#1386 =( NAMED_UNIT ( * ) PLANE_ANGLE_UNIT ( ) SI_UNIT ( $, .RADIAN. ) );
#1387 = FACE_OUTER_BOUND ( 'NONE', #1805, .T. ) ;
#1388 = EDGE_LOOP ( 'NONE', ( #1685, #111, #1501, #986 ) ) ;
#1389 = CARTESIAN_POINT ( 'NONE',  ( -0.4899999999999999911, -0.2999999999999998779, 0.01000000000000002623 ) ) ;
#1390 = CARTESIAN_POINT ( 'NONE',  ( 0.4899999999999999911, 0.3000000000000000444, 0.4699999999999999734 ) ) ;
#1391 = FILL_AREA_STYLE_COLOUR ( '', #1205 ) ;
#1392 = DIRECTION ( 'NONE',  ( -1.000000000000000000, 1.084202172485504434E-16, 0.000000000000000000 ) ) ;
#1393 = ORIENTED_EDGE ( 'NONE', *, *, #1433, .T. ) ;
#1394 = UNCERTAINTY_MEASURE_WITH_UNIT (LENGTH_MEASURE( 1.000000000000000082E-05 ), #811, 'distance_accuracy_value', 'NONE');
#1395 =( NAMED_UNIT ( * ) PLANE_ANGLE_UNIT ( ) SI_UNIT ( $, .RADIAN. ) );
#1396 = ORIENTED_EDGE ( 'NONE', *, *, #1416, .F. ) ;
#1397 = ADVANCED_FACE ( 'NONE', ( #1026 ), #488, .T. ) ;
#1398 = FACE_OUTER_BOUND ( 'NONE', #138, .T. ) ;
#1399 = AXIS2_PLACEMENT_3D ( 'NONE', #922, #293, #1849 ) ;
#1400 =( NAMED_UNIT ( * ) SI_UNIT ( $, .STERADIAN. ) SOLID_ANGLE_UNIT ( ) );
#1401 = COLOUR_RGB ( '',0.2862745098039215508, 0.2862745098039215508, 0.2862745098039215508 ) ;
#1402 = STYLED_ITEM ( 'NONE', ( #1665 ), #268 ) ;
#1403 = CARTESIAN_POINT ( 'NONE',  ( -0.1999999999999999833, 0.2499999999999999445, -0.02999999999999999889 ) ) ;
#1404 = FILL_AREA_STYLE ('',( #1222 ) ) ;
#1405 = SURFACE_STYLE_FILL_AREA ( #157 ) ;
#1406 = VERTEX_POINT ( 'NONE', #617 ) ;
#1407 = CIRCLE ( 'NONE', #1752, 0.01000000000000002623 ) ;
#1408 = CARTESIAN_POINT ( 'NONE',  ( -0.5000000000000000000, -0.2999999999999998779, 0.4599999999999999645 ) ) ;
#1409 = ORIENTED_EDGE ( 'NONE', *, *, #1969, .T. ) ;
#1410 = COLOUR_RGB ( '',0.2862745098039215508, 0.2862745098039215508, 0.2862745098039215508 ) ;
#1411 =( NAMED_UNIT ( * ) SI_UNIT ( $, .STERADIAN. ) SOLID_ANGLE_UNIT ( ) );
#1412 = CARTESIAN_POINT ( 'NONE',  ( -0.3649999999999999911, 0.2899999999999999800, 0.4649999999999999689 ) ) ;
#1413 = PRESENTATION_LAYER_ASSIGNMENT (  '', '', ( #1306 ) ) ;
#1414 = APPLICATION_PROTOCOL_DEFINITION ( 'draft international standard', 'automotive_design', 1998, #372 ) ;
#1415 = COLOUR_RGB ( '',0.8039215686274510109, 0.8039215686274510109, 0.8039215686274510109 ) ;
#1416 = EDGE_CURVE ( 'NONE', #1022, #292, #1363, .T. ) ;
#1417 = AXIS2_PLACEMENT_3D ( 'NONE', #1947, #1030, #66 ) ;
#1418 = STYLED_ITEM ( 'NONE', ( #477 ), #1911 ) ;
#1419 = LINE ( 'NONE', #1914, #681 ) ;
#1420 = VERTEX_POINT ( 'NONE', #1692 ) ;
#1421 = UNCERTAINTY_MEASURE_WITH_UNIT (LENGTH_MEASURE( 1.000000000000000082E-05 ), #628, 'distance_accuracy_value', 'NONE');
#1422 = DIRECTION ( 'NONE',  ( 1.000000000000000000, 0.000000000000000000, 0.000000000000000000 ) ) ;
#1423 = LINE ( 'NONE', #1263, #1545 ) ;
#1424 = FILL_AREA_STYLE ('',( #827 ) ) ;
#1425 = ORIENTED_EDGE ( 'NONE', *, *, #926, .T. ) ;
#1426 = SPHERICAL_SURFACE ( 'NONE', #570, 0.01000000000000000021 ) ;
#1427 = CARTESIAN_POINT ( 'NONE',  ( -0.4899999999999999911, 0.2899999999999999800, 0.01000000000000002623 ) ) ;
#1428 = ADVANCED_FACE ( 'NONE', ( #1558 ), #1223, .T. ) ;
#1429 = CARTESIAN_POINT ( 'NONE',  ( -0.4899999999999999911, 0.2899999999999999800, 0.4649999999999999689 ) ) ;
#1430 = ORIENTED_EDGE ( 'NONE', *, *, #1302, .F. ) ;
#1431 = SURFACE_SIDE_STYLE ('',( #1584 ) ) ;
#1432 = PRESENTATION_LAYER_ASSIGNMENT (  '', '', ( #1953 ) ) ;
#1433 = EDGE_CURVE ( 'NONE', #275, #699, #134, .T. ) ;
#1434 = DIRECTION ( 'NONE',  ( -0.000000000000000000, -0.000000000000000000, 1.000000000000000000 ) ) ;
#1435 = AXIS2_PLACEMENT_3D ( 'NONE', #1275, #361, #538 ) ;
#1436 = VERTEX_POINT ( 'NONE', #783 ) ;
#1437 = UNCERTAINTY_MEASURE_WITH_UNIT (LENGTH_MEASURE( 1.000000000000000082E-05 ), #644, 'distance_accuracy_value', 'NONE');
#1438 = SURFACE_STYLE_FILL_AREA ( #807 ) ;
#1439 = PRESENTATION_STYLE_ASSIGNMENT (( #1613 ) ) ;
#1440 = MECHANICAL_DESIGN_GEOMETRIC_PRESENTATION_REPRESENTATION (  '', ( #1065 ), #1107 ) ;
#1441 = SURFACE_STYLE_USAGE ( .BOTH. , #32 ) ;
#1442 = AXIS2_PLACEMENT_3D ( 'NONE', #1555, #1517, #1699 ) ;
#1443 = DIRECTION ( 'NONE',  ( 0.000000000000000000, -1.000000000000000000, 0.000000000000000000 ) ) ;
#1444 =( GEOMETRIC_REPRESENTATION_CONTEXT ( 3 ) GLOBAL_UNCERTAINTY_ASSIGNED_CONTEXT ( ( #1101 ) ) GLOBAL_UNIT_ASSIGNED_CONTEXT ( ( #1753, #810, #1972 ) ) REPRESENTATION_CONTEXT ( 'NONE', 'WORKASPACE' ) );
#1445 =( NAMED_UNIT ( * ) SI_UNIT ( $, .STERADIAN. ) SOLID_ANGLE_UNIT ( ) );
#1446 = COLOUR_RGB ( '',0.9607843137254902244, 0.9607843137254902244, 0.9607843137254902244 ) ;
#1447 = DIRECTION ( 'NONE',  ( -0.000000000000000000, 1.000000000000000000, -0.000000000000000000 ) ) ;
#1448 = PLANE ( 'NONE',  #1716 ) ;
#1449 = DIRECTION ( 'NONE',  ( -0.000000000000000000, -1.000000000000000000, -0.000000000000000000 ) ) ;
#1450 =( GEOMETRIC_REPRESENTATION_CONTEXT ( 3 ) GLOBAL_UNCERTAINTY_ASSIGNED_CONTEXT ( ( #1394 ) ) GLOBAL_UNIT_ASSIGNED_CONTEXT ( ( #811, #1266, #1071 ) ) REPRESENTATION_CONTEXT ( 'NONE', 'WORKASPACE' ) );
#1451 = EDGE_CURVE ( 'NONE', #395, #1643, #1830, .T. ) ;
#1452 = DIRECTION ( 'NONE',  ( 0.000000000000000000, 1.000000000000000000, 0.000000000000000000 ) ) ;
#1453 =( NAMED_UNIT ( * ) SI_UNIT ( $, .STERADIAN. ) SOLID_ANGLE_UNIT ( ) );
#1454 = CARTESIAN_POINT ( 'NONE',  ( -0.3649999999999999911, 0.2899999999999999800, 0.4649999999999999689 ) ) ;
#1455 = DIRECTION ( 'NONE',  ( -1.000000000000000000, -2.168404344971008375E-16, 0.000000000000000000 ) ) ;
#1456 = DIRECTION ( 'NONE',  ( 0.000000000000000000, 0.000000000000000000, -1.000000000000000000 ) ) ;
#1457 = DIRECTION ( 'NONE',  ( -0.000000000000000000, 1.000000000000000000, -0.000000000000000000 ) ) ;
#1458 = EDGE_CURVE ( 'NONE', #69, #760, #1536, .T. ) ;
#1459 = SURFACE_STYLE_FILL_AREA ( #955 ) ;
#1460 = DIRECTION ( 'NONE',  ( -0.000000000000000000, 1.000000000000000000, 0.000000000000000000 ) ) ;
#1461 = DIRECTION ( 'NONE',  ( 1.000000000000000000, 0.000000000000000000, 0.000000000000000000 ) ) ;
#1462 = CIRCLE ( 'NONE', #63, 0.01000000000000002623 ) ;
#1463 = ORIENTED_EDGE ( 'NONE', *, *, #1127, .F. ) ;
#1464 = VECTOR ( 'NONE', #969, 1000.000000000000000 ) ;
#1465 = AXIS2_PLACEMENT_3D ( 'NONE', #1678, #1255, #479 ) ;
#1466 = CARTESIAN_POINT ( 'NONE',  ( -0.5000000000000000000, 0.2899999999999999245, 0.4599999999999999645 ) ) ;
#1467 = DIRECTION ( 'NONE',  ( 0.000000000000000000, 0.000000000000000000, 1.000000000000000000 ) ) ;
#1468 = STYLED_ITEM ( 'NONE', ( #1174 ), #677 ) ;
#1469 =( LENGTH_UNIT ( ) NAMED_UNIT ( * ) SI_UNIT ( .MILLI., .METRE. ) );
#1470 = MECHANICAL_DESIGN_GEOMETRIC_PRESENTATION_REPRESENTATION (  '', ( #1573 ), #1337 ) ;
#1471 = DIRECTION ( 'NONE',  ( -1.000000000000000000, 0.000000000000000000, 0.000000000000000000 ) ) ;
#1472 = ORIENTED_EDGE ( 'NONE', *, *, #1359, .T. ) ;
#1473 = AXIS2_PLACEMENT_3D ( 'NONE', #1323, #1652, #1620 ) ;
#1474 = DIRECTION ( 'NONE',  ( 0.000000000000000000, -1.000000000000000000, 0.000000000000000000 ) ) ;
#1475 = PRESENTATION_STYLE_ASSIGNMENT (( #548 ) ) ;
#1476 = CARTESIAN_POINT ( 'NONE',  ( -0.4899999999999999911, 0.2899999999999999800, 0.4699999999999999734 ) ) ;
#1477 = AXIS2_PLACEMENT_3D ( 'NONE', #1708, #1925, #1748 ) ;
#1478 = UNCERTAINTY_MEASURE_WITH_UNIT (LENGTH_MEASURE( 1.000000000000000082E-05 ), #1365, 'distance_accuracy_value', 'NONE');
#1479 = ORIENTED_EDGE ( 'NONE', *, *, #1056, .T. ) ;
#1480 = DIRECTION ( 'NONE',  ( -1.000000000000000000, 0.000000000000000000, 0.000000000000000000 ) ) ;
#1481 =( LENGTH_UNIT ( ) NAMED_UNIT ( * ) SI_UNIT ( .MILLI., .METRE. ) );
#1482 = CARTESIAN_POINT ( 'NONE',  ( -0.4899999999999999911, 0.2899999999999999800, 0.000000000000000000 ) ) ;
#1483 = ORIENTED_EDGE ( 'NONE', *, *, #1869, .T. ) ;
#1484 = EDGE_CURVE ( 'NONE', #1488, #1623, #1702, .T. ) ;
#1485 = FILL_AREA_STYLE ('',( #1325 ) ) ;
#1486 = CARTESIAN_POINT ( 'NONE',  ( -0.3649999999999998801, -0.2899999999999998135, 0.4649999999999999689 ) ) ;
#1487 = FILL_AREA_STYLE_COLOUR ( '', #1533 ) ;
#1488 = VERTEX_POINT ( 'NONE', #453 ) ;
#1489 = VERTEX_POINT ( 'NONE', #297 ) ;
#1490 =( LENGTH_UNIT ( ) NAMED_UNIT ( * ) SI_UNIT ( .MILLI., .METRE. ) );
#1491 = FILL_AREA_STYLE_COLOUR ( '', #4 ) ;
#1492 = VERTEX_POINT ( 'NONE', #903 ) ;
#1493 = ADVANCED_FACE ( 'NONE', ( #1841 ), #461, .F. ) ;
#1494 = SURFACE_STYLE_USAGE ( .BOTH. , #691 ) ;
#1495 = CARTESIAN_POINT ( 'NONE',  ( 0.4899999999999999911, 0.2899999999999999800, 0.000000000000000000 ) ) ;
#1496 = VECTOR ( 'NONE', #660, 1000.000000000000000 ) ;
#1497 = UNCERTAINTY_MEASURE_WITH_UNIT (LENGTH_MEASURE( 1.000000000000000082E-05 ), #48, 'distance_accuracy_value', 'NONE');
#1498 = EDGE_CURVE ( 'NONE', #1368, #659, #207, .T. ) ;
#1499 = FILL_AREA_STYLE_COLOUR ( '', #344 ) ;
#1500 = ORIENTED_EDGE ( 'NONE', *, *, #1513, .T. ) ;
#1501 = ORIENTED_EDGE ( 'NONE', *, *, #546, .F. ) ;
#1502 = FILL_AREA_STYLE ('',( #1784 ) ) ;
#1503 = VECTOR ( 'NONE', #409, 1000.000000000000000 ) ;
#1504 = STYLED_ITEM ( 'NONE', ( #686 ), #949 ) ;
#1505 = VERTEX_POINT ( 'NONE', #658 ) ;
#1506 = COLOUR_RGB ( '',0.2862745098039215508, 0.2862745098039215508, 0.2862745098039215508 ) ;
#1507 = DIRECTION ( 'NONE',  ( 2.168404344971008868E-16, 1.000000000000000000, 0.000000000000000000 ) ) ;
#1508 =( NAMED_UNIT ( * ) PLANE_ANGLE_UNIT ( ) SI_UNIT ( $, .RADIAN. ) );
#1509 = VECTOR ( 'NONE', #427, 1000.000000000000000 ) ;
#1510 = ORIENTED_EDGE ( 'NONE', *, *, #1513, .F. ) ;
#1511 = VECTOR ( 'NONE', #288, 1000.000000000000000 ) ;
#1512 = EDGE_LOOP ( 'NONE', ( #1920, #1479, #1312 ) ) ;
#1513 = EDGE_CURVE ( 'NONE', #760, #1720, #1285, .T. ) ;
#1514 = PRESENTATION_LAYER_ASSIGNMENT (  '', '', ( #246 ) ) ;
#1515 = FILL_AREA_STYLE ('',( #883 ) ) ;
#1516 = STYLED_ITEM ( 'NONE', ( #1066 ), #1937 ) ;
#1517 = DIRECTION ( 'NONE',  ( 0.000000000000000000, 1.000000000000000000, 0.000000000000000000 ) ) ;
#1518 = FACE_OUTER_BOUND ( 'NONE', #536, .T. ) ;
#1519 = UNCERTAINTY_MEASURE_WITH_UNIT (LENGTH_MEASURE( 1.000000000000000082E-05 ), #773, 'distance_accuracy_value', 'NONE');
#1520 = FILL_AREA_STYLE ('',( #885 ) ) ;
#1521 = ORIENTED_EDGE ( 'NONE', *, *, #1725, .F. ) ;
#1522 = ORIENTED_EDGE ( 'NONE', *, *, #1725, .T. ) ;
#1523 = EDGE_CURVE ( 'NONE', #574, #86, #1423, .T. ) ;
#1524 =( LENGTH_UNIT ( ) NAMED_UNIT ( * ) SI_UNIT ( .MILLI., .METRE. ) );
#1525 = SURFACE_STYLE_FILL_AREA ( #145 ) ;
#1526 = FACE_OUTER_BOUND ( 'NONE', #1355, .T. ) ;
#1527 = SURFACE_SIDE_STYLE ('',( #1204 ) ) ;
#1528 = CARTESIAN_POINT ( 'NONE',  ( -0.4899999999999997691, -0.2899999999999998135, 0.4649999999999999689 ) ) ;
#1529 = LINE ( 'NONE', #1722, #1215 ) ;
#1530 = CYLINDRICAL_SURFACE ( 'NONE', #1278, 0.01000000000000002623 ) ;
#1531 = SURFACE_STYLE_USAGE ( .BOTH. , #1378 ) ;
#1532 = ORIENTED_EDGE ( 'NONE', *, *, #49, .F. ) ;
#1533 = COLOUR_RGB ( '',0.2862745098039215508, 0.2862745098039215508, 0.2862745098039215508 ) ;
#1534 = DIRECTION ( 'NONE',  ( -0.000000000000000000, 1.000000000000000000, 0.000000000000000000 ) ) ;
#1535 = CARTESIAN_POINT ( 'NONE',  ( -0.4899999999999999911, 0.2899999999999999245, 0.4599999999999999645 ) ) ;
#1536 = LINE ( 'NONE', #1820, #1038 ) ;
#1537 = EDGE_LOOP ( 'NONE', ( #397, #750, #1295, #946 ) ) ;
#1538 = UNCERTAINTY_MEASURE_WITH_UNIT (LENGTH_MEASURE( 1.000000000000000082E-05 ), #1490, 'distance_accuracy_value', 'NONE');
#1539 =( NAMED_UNIT ( * ) SI_UNIT ( $, .STERADIAN. ) SOLID_ANGLE_UNIT ( ) );
#1540 = COLOUR_RGB ( '',0.2862745098039215508, 0.2862745098039215508, 0.2862745098039215508 ) ;
#1541 = PLANE ( 'NONE',  #1435 ) ;
#1542 = ORIENTED_EDGE ( 'NONE', *, *, #130, .F. ) ;
#1543 = STYLED_ITEM ( 'NONE', ( #775 ), #1248 ) ;
#1544 = SURFACE_STYLE_USAGE ( .BOTH. , #1973 ) ;
#1545 = VECTOR ( 'NONE', #680, 1000.000000000000000 ) ;
#1546 = LINE ( 'NONE', #1412, #404 ) ;
#1547 = PRESENTATION_LAYER_ASSIGNMENT (  '', '', ( #443 ) ) ;
#1548 = FILL_AREA_STYLE ('',( #306 ) ) ;
#1549 = EDGE_CURVE ( 'NONE', #1957, #199, #44, .T. ) ;
#1550 = DIRECTION ( 'NONE',  ( 1.000000000000000000, 0.000000000000000000, 0.000000000000000000 ) ) ;
#1551 = CARTESIAN_POINT ( 'NONE',  ( 0.000000000000000000, 0.000000000000000000, 0.4649999999999999689 ) ) ;
#1552 = CARTESIAN_POINT ( 'NONE',  ( -0.3649999999999999911, 0.2899999999999999800, 0.4649999999999999689 ) ) ;
#1553 = ORIENTED_EDGE ( 'NONE', *, *, #777, .F. ) ;
#1554 = CARTESIAN_POINT ( 'NONE',  ( 0.2000000000000000389, 0.2499999999999998890, -0.02999999999999999889 ) ) ;
#1555 = CARTESIAN_POINT ( 'NONE',  ( 0.4899999999999999911, 0.2899999999999999800, 0.4599999999999999645 ) ) ;
#1556 =( NAMED_UNIT ( * ) PLANE_ANGLE_UNIT ( ) SI_UNIT ( $, .RADIAN. ) );
#1557 = FILL_AREA_STYLE_COLOUR ( '', #592 ) ;
#1558 = FACE_OUTER_BOUND ( 'NONE', #456, .T. ) ;
#1559 = UNCERTAINTY_MEASURE_WITH_UNIT (LENGTH_MEASURE( 1.000000000000000082E-05 ), #447, 'distance_accuracy_value', 'NONE');
#1560 = CARTESIAN_POINT ( 'NONE',  ( -0.4899999999999999911, -0.2899999999999998135, 0.000000000000000000 ) ) ;
#1561 = ADVANCED_FACE ( 'NONE', ( #675 ), #958, .T. ) ;
#1562 = FILL_AREA_STYLE_COLOUR ( '', #839 ) ;
#1563 = STYLED_ITEM ( 'NONE', ( #2002 ), #211 ) ;
#1564 = PRESENTATION_STYLE_ASSIGNMENT (( #1987 ) ) ;
#1565 = LINE ( 'NONE', #929, #1671 ) ;
#1566 = PRESENTATION_LAYER_ASSIGNMENT (  '', '', ( #430 ) ) ;
#1567 = DIRECTION ( 'NONE',  ( 0.000000000000000000, 0.000000000000000000, 1.000000000000000000 ) ) ;
#1568 = CARTESIAN_POINT ( 'NONE',  ( 0.4899999999999999911, 0.2899999999999999800, 0.01000000000000002623 ) ) ;
#1569 = COLOUR_RGB ( '',0.8039215686274510109, 0.8039215686274510109, 0.8039215686274510109 ) ;
#1570 =( LENGTH_UNIT ( ) NAMED_UNIT ( * ) SI_UNIT ( .MILLI., .METRE. ) );
#1571 = ORIENTED_EDGE ( 'NONE', *, *, #1287, .T. ) ;
#1572 = DIRECTION ( 'NONE',  ( 1.000000000000000000, -0.000000000000000000, -0.000000000000000000 ) ) ;
#1573 = STYLED_ITEM ( 'NONE', ( #653 ), #876 ) ;
#1574 = FACE_OUTER_BOUND ( 'NONE', #266, .T. ) ;
#1575 = ORIENTED_EDGE ( 'NONE', *, *, #1645, .T. ) ;
#1576 = AXIS2_PLACEMENT_3D ( 'NONE', #321, #1829, #164 ) ;
#1577 = ADVANCED_FACE ( 'NONE', ( #181 ), #650, .F. ) ;
#1578 = DIRECTION ( 'NONE',  ( 1.000000000000000000, 0.000000000000000000, -0.000000000000000000 ) ) ;
#1579 =( GEOMETRIC_REPRESENTATION_CONTEXT ( 3 ) GLOBAL_UNCERTAINTY_ASSIGNED_CONTEXT ( ( #7 ) ) GLOBAL_UNIT_ASSIGNED_CONTEXT ( ( #820, #1279, #1617 ) ) REPRESENTATION_CONTEXT ( 'NONE', 'WORKASPACE' ) );
#1580 = MECHANICAL_DESIGN_GEOMETRIC_PRESENTATION_REPRESENTATION (  '', ( #1935 ), #117 ) ;
#1581 = CARTESIAN_POINT ( 'NONE',  ( -0.4899999999999999911, -0.2999999999999998779, 0.4699999999999999734 ) ) ;
#1582 = ORIENTED_EDGE ( 'NONE', *, *, #936, .T. ) ;
#1583 = UNCERTAINTY_MEASURE_WITH_UNIT (LENGTH_MEASURE( 1.000000000000000082E-05 ), #490, 'distance_accuracy_value', 'NONE');
#1584 = SURFACE_STYLE_FILL_AREA ( #640 ) ;
#1585 = SURFACE_SIDE_STYLE ('',( #1724 ) ) ;
#1586 = ORIENTED_EDGE ( 'NONE', *, *, #1850, .T. ) ;
#1587 = UNCERTAINTY_MEASURE_WITH_UNIT (LENGTH_MEASURE( 1.000000000000000082E-05 ), #324, 'distance_accuracy_value', 'NONE');
#1588 = CARTESIAN_POINT ( 'NONE',  ( 0.4899999999999999911, 0.2899999999999999800, 0.4599999999999999645 ) ) ;
#1589 = FACE_OUTER_BOUND ( 'NONE', #1512, .T. ) ;
#1590 = EDGE_CURVE ( 'NONE', #760, #199, #767, .T. ) ;
#1591 = DIRECTION ( 'NONE',  ( 0.000000000000000000, 0.000000000000000000, -1.000000000000000000 ) ) ;
#1592 = CARTESIAN_POINT ( 'NONE',  ( -0.3649999999999998801, -0.2899999999999998135, 0.4649999999999999689 ) ) ;
#1593 = ORIENTED_EDGE ( 'NONE', *, *, #631, .T. ) ;
#1594 = FILL_AREA_STYLE ('',( #182 ) ) ;
#1595 = AXIS2_PLACEMENT_3D ( 'NONE', #962, #947, #1292 ) ;
#1596 = DIRECTION ( 'NONE',  ( -1.869314090492249798E-16, 1.000000000000000000, -0.000000000000000000 ) ) ;
#1597 = ADVANCED_FACE ( 'NONE', ( #547 ), #236, .T. ) ;
#1598 = DIRECTION ( 'NONE',  ( -2.168404344971008375E-16, 1.000000000000000000, 0.000000000000000000 ) ) ;
#1599 = FILL_AREA_STYLE ('',( #175 ) ) ;
#1600 = PRESENTATION_LAYER_ASSIGNMENT (  '', '', ( #467 ) ) ;
#1601 =( NAMED_UNIT ( * ) PLANE_ANGLE_UNIT ( ) SI_UNIT ( $, .RADIAN. ) );
#1602 = MECHANICAL_DESIGN_GEOMETRIC_PRESENTATION_REPRESENTATION (  '', ( #506 ), #1376 ) ;
#1603 = PRESENTATION_LAYER_ASSIGNMENT (  '', '', ( #847 ) ) ;
#1604 = PRESENTATION_STYLE_ASSIGNMENT (( #154 ) ) ;
#1605 = AXIS2_PLACEMENT_3D ( 'NONE', #1851, #450, #142 ) ;
#1606 = PRESENTATION_LAYER_ASSIGNMENT (  '', '', ( #540 ) ) ;
#1607 = DIRECTION ( 'NONE',  ( -1.000000000000000000, 0.000000000000000000, -0.000000000000000000 ) ) ;
#1608 = AXIS2_PLACEMENT_3D ( 'NONE', #1528, #1978, #1855 ) ;
#1609 = CARTESIAN_POINT ( 'NONE',  ( -0.3649999999999999911, 0.2899999999999999800, 0.4649999999999999689 ) ) ;
#1610 = PRODUCT_DEFINITION_SHAPE ( 'NONE', 'NONE',  #322 ) ;
#1611 = MECHANICAL_DESIGN_GEOMETRIC_PRESENTATION_REPRESENTATION (  '', ( #480 ), #944 ) ;
#1612 = ADVANCED_FACE ( 'NONE', ( #576 ), #701, .T. ) ;
#1613 = SURFACE_STYLE_USAGE ( .BOTH. , #808 ) ;
#1614 = MECHANICAL_DESIGN_GEOMETRIC_PRESENTATION_REPRESENTATION (  '', ( #1418 ), #945 ) ;
#1615 =( LENGTH_UNIT ( ) NAMED_UNIT ( * ) SI_UNIT ( .MILLI., .METRE. ) );
#1616 = FILL_AREA_STYLE_COLOUR ( '', #1743 ) ;
#1617 =( NAMED_UNIT ( * ) SI_UNIT ( $, .STERADIAN. ) SOLID_ANGLE_UNIT ( ) );
#1618 = VERTEX_POINT ( 'NONE', #155 ) ;
#1619 =( LENGTH_UNIT ( ) NAMED_UNIT ( * ) SI_UNIT ( .MILLI., .METRE. ) );
#1620 = DIRECTION ( 'NONE',  ( 1.000000000000000000, 0.000000000000000000, 0.000000000000000000 ) ) ;
#1621 = DIRECTION ( 'NONE',  ( -1.000000000000000000, 0.000000000000000000, 0.000000000000000000 ) ) ;
#1622 = DIRECTION ( 'NONE',  ( -0.000000000000000000, -0.000000000000000000, 1.000000000000000000 ) ) ;
#1623 = VERTEX_POINT ( 'NONE', #1403 ) ;
#1624 = DIRECTION ( 'NONE',  ( 1.000000000000000000, 0.000000000000000000, -0.000000000000000000 ) ) ;
#1625 = CARTESIAN_POINT ( 'NONE',  ( 0.5000000000000000000, -0.2899999999999998135, 0.01000000000000002623 ) ) ;
#1626 = AXIS2_PLACEMENT_3D ( 'NONE', #26, #1870, #814 ) ;
#1627 = SURFACE_SIDE_STYLE ('',( #703 ) ) ;
#1628 = ORIENTED_EDGE ( 'NONE', *, *, #1762, .F. ) ;
#1629 = FILL_AREA_STYLE_COLOUR ( '', #1540 ) ;
#1630 = EDGE_CURVE ( 'NONE', #252, #1653, #1203, .T. ) ;
#1631 = LINE ( 'NONE', #553, #1509 ) ;
#1632 = VECTOR ( 'NONE', #852, 1000.000000000000000 ) ;
#1633 = AXIS2_PLACEMENT_3D ( 'NONE', #552, #1156, #1774 ) ;
#1634 = EDGE_LOOP ( 'NONE', ( #1164, #580, #860, #647 ) ) ;
#1635 = VECTOR ( 'NONE', #1994, 1000.000000000000000 ) ;
#1636 = PRESENTATION_STYLE_ASSIGNMENT (( #848 ) ) ;
#1637 = FACE_OUTER_BOUND ( 'NONE', #1537, .T. ) ;
#1638 =( LENGTH_UNIT ( ) NAMED_UNIT ( * ) SI_UNIT ( .MILLI., .METRE. ) );
#1639 = VECTOR ( 'NONE', #386, 1000.000000000000000 ) ;
#1640 = UNCERTAINTY_MEASURE_WITH_UNIT (LENGTH_MEASURE( 1.000000000000000082E-05 ), #1570, 'distance_accuracy_value', 'NONE');
#1641 =( NAMED_UNIT ( * ) PLANE_ANGLE_UNIT ( ) SI_UNIT ( $, .RADIAN. ) );
#1642 = PRESENTATION_LAYER_ASSIGNMENT (  '', '', ( #1418 ) ) ;
#1643 = VERTEX_POINT ( 'NONE', #2012 ) ;
#1644 = EDGE_LOOP ( 'NONE', ( #1177, #119, #859 ) ) ;
#1645 = EDGE_CURVE ( 'NONE', #86, #1354, #1993, .T. ) ;
#1646 = LINE ( 'NONE', #109, #1749 ) ;
#1647 = ORIENTED_EDGE ( 'NONE', *, *, #557, .T. ) ;
#1648 = EDGE_CURVE ( 'NONE', #1505, #1014, #1839, .T. ) ;
#1649 = FILL_AREA_STYLE_COLOUR ( '', #629 ) ;
#1650 = FILL_AREA_STYLE_COLOUR ( '', #1698 ) ;
#1651 = ORIENTED_EDGE ( 'NONE', *, *, #1087, .T. ) ;
#1652 = DIRECTION ( 'NONE',  ( 0.000000000000000000, 1.000000000000000000, 0.000000000000000000 ) ) ;
#1653 = VERTEX_POINT ( 'NONE', #1048 ) ;
#1654 = EDGE_LOOP ( 'NONE', ( #1276, #1842, #6, #1657 ) ) ;
#1655 = ADVANCED_FACE ( 'NONE', ( #1526 ), #1383, .F. ) ;
#1656 = DIRECTION ( 'NONE',  ( 3.738628180984499595E-16, -1.000000000000000000, 0.000000000000000000 ) ) ;
#1657 = ORIENTED_EDGE ( 'NONE', *, *, #1770, .T. ) ;
#1658 = ORIENTED_EDGE ( 'NONE', *, *, #1969, .F. ) ;
#1659 = SURFACE_STYLE_FILL_AREA ( #243 ) ;
#1660 = FACE_OUTER_BOUND ( 'NONE', #1175, .T. ) ;
#1661 = FILL_AREA_STYLE ('',( #1391 ) ) ;
#1662 = CIRCLE ( 'NONE', #39, 0.01000000000000002623 ) ;
#1663 =( GEOMETRIC_REPRESENTATION_CONTEXT ( 3 ) GLOBAL_UNCERTAINTY_ASSIGNED_CONTEXT ( ( #159 ) ) GLOBAL_UNIT_ASSIGNED_CONTEXT ( ( #457, #1232, #1836 ) ) REPRESENTATION_CONTEXT ( 'NONE', 'WORKASPACE' ) );
#1664 = CARTESIAN_POINT ( 'NONE',  ( 0.1999999999999999278, -0.2500000000000000555, -0.02999999999999999889 ) ) ;
#1665 = PRESENTATION_STYLE_ASSIGNMENT (( #1029 ) ) ;
#1666 = FACE_OUTER_BOUND ( 'NONE', #1846, .T. ) ;
#1667 = EDGE_CURVE ( 'NONE', #1492, #411, #625, .T. ) ;
#1668 = MECHANICAL_DESIGN_GEOMETRIC_PRESENTATION_REPRESENTATION (  '', ( #541 ), #1005 ) ;
#1669 = PLANE ( 'NONE',  #598 ) ;
#1670 = ORIENTED_EDGE ( 'NONE', *, *, #257, .F. ) ;
#1671 = VECTOR ( 'NONE', #972, 1000.000000000000000 ) ;
#1672 = ORIENTED_EDGE ( 'NONE', *, *, #1630, .F. ) ;
#1673 =( NAMED_UNIT ( * ) SI_UNIT ( $, .STERADIAN. ) SOLID_ANGLE_UNIT ( ) );
#1674 = SURFACE_STYLE_FILL_AREA ( #1357 ) ;
#1675 = VECTOR ( 'NONE', #1872, 1000.000000000000000 ) ;
#1676 =( LENGTH_UNIT ( ) NAMED_UNIT ( * ) SI_UNIT ( .MILLI., .METRE. ) );
#1677 = FILL_AREA_STYLE ('',( #1557 ) ) ;
#1678 = CARTESIAN_POINT ( 'NONE',  ( 0.4899999999999999911, 0.2899999999999999800, 0.4599999999999999645 ) ) ;
#1679 = ORIENTED_EDGE ( 'NONE', *, *, #38, .T. ) ;
#1680 = EDGE_CURVE ( 'NONE', #1489, #252, #1763, .T. ) ;
#1681 = LINE ( 'NONE', #1687, #71 ) ;
#1682 = FILL_AREA_STYLE_COLOUR ( '', #792 ) ;
#1683 = PLANE ( 'NONE',  #152 ) ;
#1684 = VECTOR ( 'NONE', #466, 1000.000000000000000 ) ;
#1685 = ORIENTED_EDGE ( 'NONE', *, *, #635, .T. ) ;
#1686 = SURFACE_STYLE_FILL_AREA ( #73 ) ;
#1687 = CARTESIAN_POINT ( 'NONE',  ( -0.4899999999999999911, 0.2899999999999999800, 0.4649999999999999689 ) ) ;
#1688 =( NAMED_UNIT ( * ) PLANE_ANGLE_UNIT ( ) SI_UNIT ( $, .RADIAN. ) );
#1689 = EDGE_CURVE ( 'NONE', #1618, #241, #1565, .T. ) ;
#1690 = SURFACE_STYLE_USAGE ( .BOTH. , #755 ) ;
#1691 = FILL_AREA_STYLE ('',( #1049 ) ) ;
#1692 = CARTESIAN_POINT ( 'NONE',  ( 0.2000000000000000389, 0.2499999999999998890, -0.02999999999999999889 ) ) ;
#1693 = FILL_AREA_STYLE ('',( #1845 ) ) ;
#1694 = ORIENTED_EDGE ( 'NONE', *, *, #146, .F. ) ;
#1695 = MECHANICAL_DESIGN_GEOMETRIC_PRESENTATION_REPRESENTATION (  '', ( #1903 ), #1579 ) ;
#1696 = CARTESIAN_POINT ( 'NONE',  ( -0.5000000000000000000, -0.2999999999999998779, 0.4699999999999999734 ) ) ;
#1697 = VECTOR ( 'NONE', #1739, 1000.000000000000000 ) ;
#1698 = COLOUR_RGB ( '',0.8039215686274510109, 0.8039215686274510109, 0.8039215686274510109 ) ;
#1699 = DIRECTION ( 'NONE',  ( 1.000000000000000000, 0.000000000000000000, 0.000000000000000000 ) ) ;
#1700 = EDGE_CURVE ( 'NONE', #1999, #1492, #923, .T. ) ;
#1701 = PLANE ( 'NONE',  #1626 ) ;
#1702 = LINE ( 'NONE', #445, #1635 ) ;
#1703 = ORIENTED_EDGE ( 'NONE', *, *, #700, .F. ) ;
#1704 = FILL_AREA_STYLE_COLOUR ( '', #1938 ) ;
#1705 = SURFACE_STYLE_FILL_AREA ( #1693 ) ;
#1706 = ORIENTED_EDGE ( 'NONE', *, *, #1151, .F. ) ;
#1707 = DIRECTION ( 'NONE',  ( 0.000000000000000000, 0.000000000000000000, -1.000000000000000000 ) ) ;
#1708 = CARTESIAN_POINT ( 'NONE',  ( 0.000000000000000000, 0.000000000000000000, 0.4649999999999999689 ) ) ;
#1709 = DIRECTION ( 'NONE',  ( 1.000000000000000000, 0.000000000000000000, 0.000000000000000000 ) ) ;
#1710 = DIRECTION ( 'NONE',  ( 0.000000000000000000, 1.000000000000000000, 0.000000000000000000 ) ) ;
#1711 = CARTESIAN_POINT ( 'NONE',  ( -0.3649999999999999911, 0.2899999999999999800, 0.4699999999999999734 ) ) ;
#1712 = SURFACE_STYLE_USAGE ( .BOTH. , #1089 ) ;
#1713 = ADVANCED_FACE ( 'NONE', ( #982 ), #1085, .T. ) ;
#1714 = EDGE_LOOP ( 'NONE', ( #1396, #735, #1792, #36 ) ) ;
#1715 = CARTESIAN_POINT ( 'NONE',  ( -0.4500000000000001221, -0.2500000000000000555, -0.02999999999999999889 ) ) ;
#1716 = AXIS2_PLACEMENT_3D ( 'NONE', #87, #65, #1624 ) ;
#1717 = VECTOR ( 'NONE', #513, 1000.000000000000000 ) ;
#1718 = FACE_OUTER_BOUND ( 'NONE', #1644, .T. ) ;
#1719 = VECTOR ( 'NONE', #8, 1000.000000000000000 ) ;
#1720 = VERTEX_POINT ( 'NONE', #1466 ) ;
#1721 = VECTOR ( 'NONE', #1008, 1000.000000000000000 ) ;
#1722 = CARTESIAN_POINT ( 'NONE',  ( 0.5000000000000000000, 0.2899999999999999800, 0.000000000000000000 ) ) ;
#1723 = MECHANICAL_DESIGN_GEOMETRIC_PRESENTATION_REPRESENTATION (  '', ( #822 ), #307 ) ;
#1724 = SURFACE_STYLE_FILL_AREA ( #817 ) ;
#1725 = EDGE_CURVE ( 'NONE', #1857, #574, #1759, .T. ) ;
#1726 =( GEOMETRIC_REPRESENTATION_CONTEXT ( 3 ) GLOBAL_UNCERTAINTY_ASSIGNED_CONTEXT ( ( #825 ) ) GLOBAL_UNIT_ASSIGNED_CONTEXT ( ( #1147, #685, #222 ) ) REPRESENTATION_CONTEXT ( 'NONE', 'WORKASPACE' ) );
#1727 = SURFACE_SIDE_STYLE ('',( #368 ) ) ;
#1728 = AXIS2_PLACEMENT_3D ( 'NONE', #124, #421, #1361 ) ;
#1729 = AXIS2_PLACEMENT_3D ( 'NONE', #864, #709, #1172 ) ;
#1730 = CIRCLE ( 'NONE', #248, 0.01000000000000002623 ) ;
#1731 = VERTEX_POINT ( 'NONE', #1486 ) ;
#1732 = UNCERTAINTY_MEASURE_WITH_UNIT (LENGTH_MEASURE( 1.000000000000000082E-05 ), #925, 'distance_accuracy_value', 'NONE');
#1733 = LINE ( 'NONE', #1102, #1675 ) ;
#1734 = DIRECTION ( 'NONE',  ( 0.000000000000000000, 0.000000000000000000, 1.000000000000000000 ) ) ;
#1735 = CARTESIAN_POINT ( 'NONE',  ( 0.4899999999999999911, 0.2899999999999999800, 0.01000000000000000021 ) ) ;
#1736 = SPHERICAL_SURFACE ( 'NONE', #471, 0.01000000000000000021 ) ;
#1737 = ADVANCED_FACE ( 'NONE', ( #1666 ), #1173, .F. ) ;
#1738 = CARTESIAN_POINT ( 'NONE',  ( -0.4899999999999999911, 0.2899999999999999800, 0.4649999999999999689 ) ) ;
#1739 = DIRECTION ( 'NONE',  ( 1.000000000000000000, -0.000000000000000000, -0.000000000000000000 ) ) ;
#1740 = SURFACE_SIDE_STYLE ('',( #1924 ) ) ;
#1741 = CARTESIAN_POINT ( 'NONE',  ( 0.4899999999999999911, -0.2899999999999998135, 0.4599999999999999645 ) ) ;
#1742 = CARTESIAN_POINT ( 'NONE',  ( 0.000000000000000000, -0.2899999999999998135, 0.4699999999999999734 ) ) ;
#1743 = COLOUR_RGB ( '',0.2862745098039215508, 0.2862745098039215508, 0.2862745098039215508 ) ;
#1744 = EDGE_CURVE ( 'NONE', #1354, #316, #1730, .T. ) ;
#1745 = CARTESIAN_POINT ( 'NONE',  ( 0.4500000000000000111, 0.2499999999999998335, -0.02999999999999999889 ) ) ;
#1746 =( GEOMETRIC_REPRESENTATION_CONTEXT ( 3 ) GLOBAL_UNCERTAINTY_ASSIGNED_CONTEXT ( ( #828 ) ) GLOBAL_UNIT_ASSIGNED_CONTEXT ( ( #270, #1508, #981 ) ) REPRESENTATION_CONTEXT ( 'NONE', 'WORKASPACE' ) );
#1747 = UNCERTAINTY_MEASURE_WITH_UNIT (LENGTH_MEASURE( 1.000000000000000082E-05 ), #227, 'distance_accuracy_value', 'NONE');
#1748 = DIRECTION ( 'NONE',  ( 1.000000000000000000, 0.000000000000000000, 0.000000000000000000 ) ) ;
#1749 = VECTOR ( 'NONE', #1622, 1000.000000000000000 ) ;
#1750 = UNCERTAINTY_MEASURE_WITH_UNIT (LENGTH_MEASURE( 1.000000000000000082E-05 ), #2009, 'distance_accuracy_value', 'NONE');
#1751 = DIRECTION ( 'NONE',  ( 0.000000000000000000, -0.000000000000000000, -1.000000000000000000 ) ) ;
#1752 = AXIS2_PLACEMENT_3D ( 'NONE', #1234, #1373, #1214 ) ;
#1753 =( LENGTH_UNIT ( ) NAMED_UNIT ( * ) SI_UNIT ( .MILLI., .METRE. ) );
#1754 = PRESENTATION_LAYER_ASSIGNMENT (  '', '', ( #108 ) ) ;
#1755 =( NAMED_UNIT ( * ) SI_UNIT ( $, .STERADIAN. ) SOLID_ANGLE_UNIT ( ) );
#1756 = MECHANICAL_DESIGN_GEOMETRIC_PRESENTATION_REPRESENTATION (  '', ( #1306 ), #1444 ) ;
#1757 = SURFACE_STYLE_USAGE ( .BOTH. , #35 ) ;
#1758 = PRESENTATION_LAYER_ASSIGNMENT (  '', '', ( #314 ) ) ;
#1759 = CIRCLE ( 'NONE', #573, 0.01000000000000000021 ) ;
#1760 = EDGE_LOOP ( 'NONE', ( #639, #256, #1330, #887 ) ) ;
#1761 = VECTOR ( 'NONE', #259, 1000.000000000000000 ) ;
#1762 = EDGE_CURVE ( 'NONE', #1731, #127, #281, .T. ) ;
#1763 = LINE ( 'NONE', #1070, #1790 ) ;
#1764 =( GEOMETRIC_REPRESENTATION_CONTEXT ( 3 ) GLOBAL_UNCERTAINTY_ASSIGNED_CONTEXT ( ( #1922 ) ) GLOBAL_UNIT_ASSIGNED_CONTEXT ( ( #433, #1051, #313 ) ) REPRESENTATION_CONTEXT ( 'NONE', 'WORKASPACE' ) );
#1765 = DIRECTION ( 'NONE',  ( 0.000000000000000000, -0.000000000000000000, 1.000000000000000000 ) ) ;
#1766 = SURFACE_STYLE_FILL_AREA ( #390 ) ;
#1767 = CARTESIAN_POINT ( 'NONE',  ( 0.000000000000000000, -0.2899999999999998135, 0.4599999999999999645 ) ) ;
#1768 = ORIENTED_EDGE ( 'NONE', *, *, #1744, .F. ) ;
#1769 = CARTESIAN_POINT ( 'NONE',  ( -0.4899999999999997691, -0.2899999999999998135, 0.4649999999999999689 ) ) ;
#1770 = EDGE_CURVE ( 'NONE', #1643, #411, #81, .T. ) ;
#1771 = UNCERTAINTY_MEASURE_WITH_UNIT (LENGTH_MEASURE( 1.000000000000000082E-05 ), #1901, 'distance_accuracy_value', 'NONE');
#1772 =( NAMED_UNIT ( * ) PLANE_ANGLE_UNIT ( ) SI_UNIT ( $, .RADIAN. ) );
#1773 = ORIENTED_EDGE ( 'NONE', *, *, #768, .F. ) ;
#1774 = DIRECTION ( 'NONE',  ( 1.000000000000000000, 0.000000000000000000, 0.000000000000000000 ) ) ;
#1775 = CARTESIAN_POINT ( 'NONE',  ( -0.4500000000000000111, 0.2499999999999999445, 0.000000000000000000 ) ) ;
#1776 = PRESENTATION_LAYER_ASSIGNMENT (  '', '', ( #369 ) ) ;
#1777 = VERTEX_POINT ( 'NONE', #1495 ) ;
#1778 =( NAMED_UNIT ( * ) PLANE_ANGLE_UNIT ( ) SI_UNIT ( $, .RADIAN. ) );
#1779 = PRESENTATION_LAYER_ASSIGNMENT (  '', '', ( #1270 ) ) ;
#1780 = SURFACE_STYLE_FILL_AREA ( #1326 ) ;
#1781 = FILL_AREA_STYLE_COLOUR ( '', #434 ) ;
#1782 = EDGE_LOOP ( 'NONE', ( #1575, #1189, #1186, #621 ) ) ;
#1783 = EDGE_CURVE ( 'NONE', #158, #695, #1789, .T. ) ;
#1784 = FILL_AREA_STYLE_COLOUR ( '', #508 ) ;
#1785 = CARTESIAN_POINT ( 'NONE',  ( -0.4899999999999999911, -0.2899999999999998135, 0.4699999999999999734 ) ) ;
#1786 = STYLED_ITEM ( 'NONE', ( #287 ), #841 ) ;
#1787 = VECTOR ( 'NONE', #1707, 1000.000000000000000 ) ;
#1788 = PRESENTATION_STYLE_ASSIGNMENT (( #1494 ) ) ;
#1789 = LINE ( 'NONE', #1012, #1761 ) ;
#1790 = VECTOR ( 'NONE', #1449, 1000.000000000000000 ) ;
#1791 = DIRECTION ( 'NONE',  ( 1.000000000000000000, 0.000000000000000000, 0.000000000000000000 ) ) ;
#1792 = ORIENTED_EDGE ( 'NONE', *, *, #1762, .T. ) ;
#1793 = SPHERICAL_SURFACE ( 'NONE', #1473, 0.01000000000000000021 ) ;
#1794 = VERTEX_POINT ( 'NONE', #1476 ) ;
#1795 = SURFACE_STYLE_USAGE ( .BOTH. , #1178 ) ;
#1796 = DIRECTION ( 'NONE',  ( -0.000000000000000000, -0.000000000000000000, 1.000000000000000000 ) ) ;
#1797 = FACE_OUTER_BOUND ( 'NONE', #566, .T. ) ;
#1798 = EDGE_CURVE ( 'NONE', #1857, #1894, #549, .T. ) ;
#1799 = ORIENTED_EDGE ( 'NONE', *, *, #1822, .F. ) ;
#1800 = FILL_AREA_STYLE_COLOUR ( '', #1141 ) ;
#1801 = SURFACE_STYLE_FILL_AREA ( #1318 ) ;
#1802 = DIRECTION ( 'NONE',  ( 0.000000000000000000, 1.000000000000000000, 0.000000000000000000 ) ) ;
#1803 = ORIENTED_EDGE ( 'NONE', *, *, #1202, .T. ) ;
#1804 = PLANE ( 'NONE',  #1728 ) ;
#1805 = EDGE_LOOP ( 'NONE', ( #991, #1194, #1672, #583 ) ) ;
#1806 = DIRECTION ( 'NONE',  ( -1.000000000000000000, 0.000000000000000000, 0.000000000000000000 ) ) ;
#1807 = LINE ( 'NONE', #451, #1108 ) ;
#1808 = EDGE_CURVE ( 'NONE', #1336, #199, #99, .T. ) ;
#1809 = DIRECTION ( 'NONE',  ( 0.000000000000000000, 5.421010862427507971E-15, 1.000000000000000000 ) ) ;
#1810 = UNCERTAINTY_MEASURE_WITH_UNIT (LENGTH_MEASURE( 1.000000000000000082E-05 ), #1885, 'distance_accuracy_value', 'NONE');
#1811 = SURFACE_STYLE_FILL_AREA ( #462 ) ;
#1812 = ORIENTED_EDGE ( 'NONE', *, *, #1700, .T. ) ;
#1813 = ORIENTED_EDGE ( 'NONE', *, *, #557, .F. ) ;
#1814 = COLOUR_RGB ( '',0.8039215686274510109, 0.8039215686274510109, 0.8039215686274510109 ) ;
#1815 = CARTESIAN_POINT ( 'NONE',  ( 0.5000000000000000000, 0.2899999999999999245, 0.4699999999999999734 ) ) ;
#1816 = CARTESIAN_POINT ( 'NONE',  ( -0.3649999999999998801, -0.2899999999999998135, 0.4649999999999999689 ) ) ;
#1817 = CARTESIAN_POINT ( 'NONE',  ( 0.4899999999999999911, 0.2899999999999999800, 0.4599999999999999645 ) ) ;
#1818 = CIRCLE ( 'NONE', #1207, 0.01000000000000000021 ) ;
#1819 = MECHANICAL_DESIGN_GEOMETRIC_PRESENTATION_REPRESENTATION (  '', ( #1280 ), #1210 ) ;
#1820 = CARTESIAN_POINT ( 'NONE',  ( -0.5000000000000000000, -0.2899999999999998135, 0.4699999999999999734 ) ) ;
#1821 = MECHANICAL_DESIGN_GEOMETRIC_PRESENTATION_REPRESENTATION (  '', ( #280 ), #408 ) ;
#1822 = EDGE_CURVE ( 'NONE', #1720, #316, #1339, .T. ) ;
#1823 = SURFACE_SIDE_STYLE ('',( #463 ) ) ;
#1824 = FILL_AREA_STYLE ('',( #150 ) ) ;
#1825 =( GEOMETRIC_REPRESENTATION_CONTEXT ( 3 ) GLOBAL_UNCERTAINTY_ASSIGNED_CONTEXT ( ( #668 ) ) GLOBAL_UNIT_ASSIGNED_CONTEXT ( ( #1143, #385, #555 ) ) REPRESENTATION_CONTEXT ( 'NONE', 'WORKASPACE' ) );
#1826 = ORIENTED_EDGE ( 'NONE', *, *, #1151, .T. ) ;
#1827 = SURFACE_STYLE_FILL_AREA ( #602 ) ;
#1828 = AXIS2_PLACEMENT_3D ( 'NONE', #796, #1271, #19 ) ;
#1829 = DIRECTION ( 'NONE',  ( 1.000000000000000000, 1.869314090492250291E-16, 0.000000000000000000 ) ) ;
#1830 = LINE ( 'NONE', #608, #1863 ) ;
#1831 = UNCERTAINTY_MEASURE_WITH_UNIT (LENGTH_MEASURE( 1.000000000000000082E-05 ), #336, 'distance_accuracy_value', 'NONE');
#1832 = CARTESIAN_POINT ( 'NONE',  ( 0.000000000000000000, 0.000000000000000000, 0.000000000000000000 ) ) ;
#1833 = CARTESIAN_POINT ( 'NONE',  ( -0.4899999999999997691, -0.2899999999999998135, 0.4649999999999999689 ) ) ;
#1834 = ORIENTED_EDGE ( 'NONE', *, *, #1385, .F. ) ;
#1835 = DIRECTION ( 'NONE',  ( 0.000000000000000000, 0.000000000000000000, -1.000000000000000000 ) ) ;
#1836 =( NAMED_UNIT ( * ) SI_UNIT ( $, .STERADIAN. ) SOLID_ANGLE_UNIT ( ) );
#1837 =( LENGTH_UNIT ( ) NAMED_UNIT ( * ) SI_UNIT ( .MILLI., .METRE. ) );
#1838 = PRESENTATION_STYLE_ASSIGNMENT (( #523 ) ) ;
#1839 = LINE ( 'NONE', #167, #829 ) ;
#1840 = SURFACE_STYLE_USAGE ( .BOTH. , #626 ) ;
#1841 = FACE_OUTER_BOUND ( 'NONE', #772, .T. ) ;
#1842 = ORIENTED_EDGE ( 'NONE', *, *, #1808, .F. ) ;
#1843 = FILL_AREA_STYLE ('',( #597 ) ) ;
#1844 = PRESENTATION_LAYER_ASSIGNMENT (  '', '', ( #899 ) ) ;
#1845 = FILL_AREA_STYLE_COLOUR ( '', #960 ) ;
#1846 = EDGE_LOOP ( 'NONE', ( #1243, #1034, #391, #1826 ) ) ;
#1847 = DIRECTION ( 'NONE',  ( 0.000000000000000000, 1.000000000000000000, 0.000000000000000000 ) ) ;
#1848 = MECHANICAL_DESIGN_GEOMETRIC_PRESENTATION_REPRESENTATION (  '', ( #1061 ), #136 ) ;
#1849 = DIRECTION ( 'NONE',  ( 0.000000000000000000, 0.000000000000000000, 1.000000000000000000 ) ) ;
#1850 = EDGE_CURVE ( 'NONE', #695, #1022, #577, .T. ) ;
#1851 = CARTESIAN_POINT ( 'NONE',  ( -0.4899999999999999911, 0.2899999999999999800, 0.4649999999999999689 ) ) ;
#1852 = DIRECTION ( 'NONE',  ( -0.000000000000000000, 1.000000000000000000, -0.000000000000000000 ) ) ;
#1853 =( GEOMETRIC_REPRESENTATION_CONTEXT ( 3 ) GLOBAL_UNCERTAINTY_ASSIGNED_CONTEXT ( ( #353 ) ) GLOBAL_UNIT_ASSIGNED_CONTEXT ( ( #5, #1977, #156 ) ) REPRESENTATION_CONTEXT ( 'NONE', 'WORKASPACE' ) );
#1854 = SURFACE_SIDE_STYLE ('',( #279 ) ) ;
#1855 = DIRECTION ( 'NONE',  ( 0.000000000000000000, -0.000000000000000000, -1.000000000000000000 ) ) ;
#1856 =( GEOMETRIC_REPRESENTATION_CONTEXT ( 3 ) GLOBAL_UNCERTAINTY_ASSIGNED_CONTEXT ( ( #1519 ) ) GLOBAL_UNIT_ASSIGNED_CONTEXT ( ( #773, #1212, #2001 ) ) REPRESENTATION_CONTEXT ( 'NONE', 'WORKASPACE' ) );
#1857 = VERTEX_POINT ( 'NONE', #1625 ) ;
#1858 = UNCERTAINTY_MEASURE_WITH_UNIT (LENGTH_MEASURE( 1.000000000000000082E-05 ), #897, 'distance_accuracy_value', 'NONE');
#1859 = FILL_AREA_STYLE ('',( #1704 ) ) ;
#1860 = CARTESIAN_POINT ( 'NONE',  ( 0.4500000000000000111, -0.2500000000000001665, -0.02999999999999999889 ) ) ;
#1861 = COLOUR_RGB ( '',0.2862745098039215508, 0.2862745098039215508, 0.2862745098039215508 ) ;
#1862 =( NAMED_UNIT ( * ) PLANE_ANGLE_UNIT ( ) SI_UNIT ( $, .RADIAN. ) );
#1863 = VECTOR ( 'NONE', #758, 1000.000000000000000 ) ;
#1864 = FILL_AREA_STYLE_COLOUR ( '', #967 ) ;
#1865 = PRESENTATION_LAYER_ASSIGNMENT (  '', '', ( #480 ) ) ;
#1866 = CARTESIAN_POINT ( 'NONE',  ( 0.4899999999999999911, -0.2899999999999998135, 0.4699999999999999734 ) ) ;
#1867 = SURFACE_STYLE_USAGE ( .BOTH. , #187 ) ;
#1868 = VECTOR ( 'NONE', #1154, 1000.000000000000000 ) ;
#1869 = EDGE_CURVE ( 'NONE', #1794, #695, #1020, .T. ) ;
#1870 = DIRECTION ( 'NONE',  ( 1.000000000000000000, 1.869314090492250291E-16, -0.000000000000000000 ) ) ;
#1871 =( NAMED_UNIT ( * ) PLANE_ANGLE_UNIT ( ) SI_UNIT ( $, .RADIAN. ) );
#1872 = DIRECTION ( 'NONE',  ( -0.000000000000000000, -0.000000000000000000, 1.000000000000000000 ) ) ;
#1873 =( LENGTH_UNIT ( ) NAMED_UNIT ( * ) SI_UNIT ( .MILLI., .METRE. ) );
#1874 = EDGE_LOOP ( 'NONE', ( #707, #1706, #1773, #1425 ) ) ;
#1875 = FACE_OUTER_BOUND ( 'NONE', #886, .T. ) ;
#1876 = SURFACE_STYLE_FILL_AREA ( #468 ) ;
#1877 = APPLICATION_PROTOCOL_DEFINITION ( 'draft international standard', 'automotive_design', 1998, #162 ) ;
#1878 = FILL_AREA_STYLE ('',( #793 ) ) ;
#1879 = EDGE_CURVE ( 'NONE', #411, #1406, #1382, .T. ) ;
#1880 = CARTESIAN_POINT ( 'NONE',  ( -0.4500000000000001221, -0.2500000000000000555, 0.000000000000000000 ) ) ;
#1881 = ORIENTED_EDGE ( 'NONE', *, *, #1822, .T. ) ;
#1882 = UNCERTAINTY_MEASURE_WITH_UNIT (LENGTH_MEASURE( 1.000000000000000082E-05 ), #1469, 'distance_accuracy_value', 'NONE');
#1883 = CARTESIAN_POINT ( 'NONE',  ( 0.1999999999999999278, -0.2500000000000000555, 0.000000000000000000 ) ) ;
#1884 = CARTESIAN_POINT ( 'NONE',  ( -0.1999999999999999833, 0.2499999999999999445, 0.000000000000000000 ) ) ;
#1885 =( LENGTH_UNIT ( ) NAMED_UNIT ( * ) SI_UNIT ( .MILLI., .METRE. ) );
#1886 = ORIENTED_EDGE ( 'NONE', *, *, #121, .F. ) ;
#1887 =( LENGTH_UNIT ( ) NAMED_UNIT ( * ) SI_UNIT ( .MILLI., .METRE. ) );
#1888 = AXIS2_PLACEMENT_3D ( 'NONE', #1696, #751, #1835 ) ;
#1889 = PRESENTATION_STYLE_ASSIGNMENT (( #985 ) ) ;
#1890 = DIRECTION ( 'NONE',  ( 0.000000000000000000, 0.000000000000000000, 1.000000000000000000 ) ) ;
#1891 = VECTOR ( 'NONE', #491, 1000.000000000000000 ) ;
#1892 = CARTESIAN_POINT ( 'NONE',  ( -0.5000000000000000000, -0.2999999999999998779, 0.01000000000000002623 ) ) ;
#1893 = SURFACE_SIDE_STYLE ('',( #1097 ) ) ;
#1894 = VERTEX_POINT ( 'NONE', #238 ) ;
#1895 = COLOUR_RGB ( '',0.2862745098039215508, 0.2862745098039215508, 0.2862745098039215508 ) ;
#1896 = CARTESIAN_POINT ( 'NONE',  ( 0.4899999999999999911, 0.2899999999999999800, 0.4699999999999999734 ) ) ;
#1897 = DIRECTION ( 'NONE',  ( 0.000000000000000000, 0.000000000000000000, 1.000000000000000000 ) ) ;
#1898 =( NAMED_UNIT ( * ) SI_UNIT ( $, .STERADIAN. ) SOLID_ANGLE_UNIT ( ) );
#1899 = ADVANCED_FACE ( 'NONE', ( #393 ), #1683, .T. ) ;
#1900 = STYLED_ITEM ( 'NONE', ( #1564 ), #1046 ) ;
#1901 =( LENGTH_UNIT ( ) NAMED_UNIT ( * ) SI_UNIT ( .MILLI., .METRE. ) );
#1902 = FACE_OUTER_BOUND ( 'NONE', #873, .T. ) ;
#1903 = STYLED_ITEM ( 'NONE', ( #1301 ), #1272 ) ;
#1904 =( NAMED_UNIT ( * ) SI_UNIT ( $, .STERADIAN. ) SOLID_ANGLE_UNIT ( ) );
#1905 = STYLED_ITEM ( 'NONE', ( #595 ), #1428 ) ;
#1906 = FILL_AREA_STYLE ('',( #813 ) ) ;
#1907 = VECTOR ( 'NONE', #1966, 1000.000000000000000 ) ;
#1908 = FILL_AREA_STYLE ('',( #803 ) ) ;
#1909 = ORIENTED_EDGE ( 'NONE', *, *, #992, .F. ) ;
#1910 =( NAMED_UNIT ( * ) SI_UNIT ( $, .STERADIAN. ) SOLID_ANGLE_UNIT ( ) );
#1911 = ADVANCED_FACE ( 'NONE', ( #619 ), #289, .T. ) ;
#1912 = LINE ( 'NONE', #976, #278 ) ;
#1913 = DIRECTION ( 'NONE',  ( 1.000000000000000000, -0.000000000000000000, -0.000000000000000000 ) ) ;
#1914 = CARTESIAN_POINT ( 'NONE',  ( -0.3649999999999999911, 0.2899999999999999800, 0.4649999999999999689 ) ) ;
#1915 = CARTESIAN_POINT ( 'NONE',  ( -0.4899999999999999911, 0.2899999999999999245, 0.01000000000000002623 ) ) ;
#1916 = PRESENTATION_STYLE_ASSIGNMENT (( #1441 ) ) ;
#1917 =( LENGTH_UNIT ( ) NAMED_UNIT ( * ) SI_UNIT ( .MILLI., .METRE. ) );
#1918 = VECTOR ( 'NONE', #1126, 1000.000000000000000 ) ;
#1919 = COLOUR_RGB ( '',0.2862745098039215508, 0.2862745098039215508, 0.2862745098039215508 ) ;
#1920 = ORIENTED_EDGE ( 'NONE', *, *, #635, .F. ) ;
#1921 = MECHANICAL_DESIGN_GEOMETRIC_PRESENTATION_REPRESENTATION (  '', ( #1563 ), #1853 ) ;
#1922 = UNCERTAINTY_MEASURE_WITH_UNIT (LENGTH_MEASURE( 1.000000000000000082E-05 ), #433, 'distance_accuracy_value', 'NONE');
#1923 =( NAMED_UNIT ( * ) SI_UNIT ( $, .STERADIAN. ) SOLID_ANGLE_UNIT ( ) );
#1924 = SURFACE_STYLE_FILL_AREA ( #1594 ) ;
#1925 = DIRECTION ( 'NONE',  ( -0.000000000000000000, 0.000000000000000000, 1.000000000000000000 ) ) ;
#1926 = PRESENTATION_LAYER_ASSIGNMENT (  '', '', ( #1135 ) ) ;
#1927 = SURFACE_STYLE_USAGE ( .BOTH. , #1627 ) ;
#1928 = AXIS2_PLACEMENT_3D ( 'NONE', #1975, #634, #1199 ) ;
#1929 = DIRECTION ( 'NONE',  ( 0.000000000000000000, 1.000000000000000000, 0.000000000000000000 ) ) ;
#1930 =( GEOMETRIC_REPRESENTATION_CONTEXT ( 3 ) GLOBAL_UNCERTAINTY_ASSIGNED_CONTEXT ( ( #299 ) ) GLOBAL_UNIT_ASSIGNED_CONTEXT ( ( #1481, #72, #84 ) ) REPRESENTATION_CONTEXT ( 'NONE', 'WORKASPACE' ) );
#1931 = PRESENTATION_STYLE_ASSIGNMENT (( #678 ) ) ;
#1932 = AXIS2_PLACEMENT_3D ( 'NONE', #1767, #371, #1591 ) ;
#1933 = COLOUR_RGB ( '',0.2862745098039215508, 0.2862745098039215508, 0.2862745098039215508 ) ;
#1934 = LINE ( 'NONE', #1168, #1503 ) ;
#1935 = STYLED_ITEM ( 'NONE', ( #526 ), #1713 ) ;
#1936 = ORIENTED_EDGE ( 'NONE', *, *, #1121, .T. ) ;
#1937 = ADVANCED_FACE ( 'NONE', ( #1193 ), #509, .T. ) ;
#1938 = COLOUR_RGB ( '',0.2862745098039215508, 0.2862745098039215508, 0.2862745098039215508 ) ;
#1939 = FILL_AREA_STYLE ('',( #219 ) ) ;
#1940 = DIRECTION ( 'NONE',  ( -0.000000000000000000, -0.000000000000000000, 1.000000000000000000 ) ) ;
#1941 = EDGE_LOOP ( 'NONE', ( #788, #519, #415 ) ) ;
#1942 = DIRECTION ( 'NONE',  ( 2.168404344971008868E-16, 1.000000000000000000, 0.000000000000000000 ) ) ;
#1943 = EDGE_LOOP ( 'NONE', ( #234, #489, #920, #383 ) ) ;
#1944 = EDGE_CURVE ( 'NONE', #1354, #1777, #1529, .T. ) ;
#1945 =( NAMED_UNIT ( * ) PLANE_ANGLE_UNIT ( ) SI_UNIT ( $, .RADIAN. ) );
#1946 = SURFACE_SIDE_STYLE ('',( #1801 ) ) ;
#1947 = CARTESIAN_POINT ( 'NONE',  ( -0.1999999999999999833, 0.2499999999999999445, -0.02999999999999999889 ) ) ;
#1948 = UNCERTAINTY_MEASURE_WITH_UNIT (LENGTH_MEASURE( 1.000000000000000082E-05 ), #1334, 'distance_accuracy_value', 'NONE');
#1949 = DIRECTION ( 'NONE',  ( 0.000000000000000000, 0.000000000000000000, -1.000000000000000000 ) ) ;
#1950 = ORIENTED_EDGE ( 'NONE', *, *, #1700, .F. ) ;
#1951 = CYLINDRICAL_SURFACE ( 'NONE', #1110, 0.01000000000000002623 ) ;
#1952 = DIRECTION ( 'NONE',  ( 0.000000000000000000, 0.000000000000000000, -1.000000000000000000 ) ) ;
#1953 = STYLED_ITEM ( 'NONE', ( #320 ), #498 ) ;
#1954 = ORIENTED_EDGE ( 'NONE', *, *, #863, .T. ) ;
#1955 = FILL_AREA_STYLE_COLOUR ( '', #78 ) ;
#1956 = EDGE_LOOP ( 'NONE', ( #1002, #1252, #1521 ) ) ;
#1957 = VERTEX_POINT ( 'NONE', #1091 ) ;
#1958 = EDGE_CURVE ( 'NONE', #551, #725, #497, .T. ) ;
#1959 = AXIS2_PLACEMENT_3D ( 'NONE', #388, #984, #1467 ) ;
#1960 = CARTESIAN_POINT ( 'NONE',  ( -0.4899999999999999911, 0.2899999999999999800, 0.4649999999999999689 ) ) ;
#1961 = FACE_OUTER_BOUND ( 'NONE', #718, .T. ) ;
#1962 = DIRECTION ( 'NONE',  ( 1.000000000000000000, -0.000000000000000000, -0.000000000000000000 ) ) ;
#1963 = ORIENTED_EDGE ( 'NONE', *, *, #1798, .F. ) ;
#1964 = PRESENTATION_LAYER_ASSIGNMENT (  '', '', ( #1380 ) ) ;
#1965 = PRESENTATION_STYLE_ASSIGNMENT (( #1351 ) ) ;
#1966 = DIRECTION ( 'NONE',  ( 0.000000000000000000, 0.000000000000000000, -1.000000000000000000 ) ) ;
#1967 = ORIENTED_EDGE ( 'NONE', *, *, #853, .T. ) ;
#1968 = ORIENTED_EDGE ( 'NONE', *, *, #294, .F. ) ;
#1969 = EDGE_CURVE ( 'NONE', #86, #481, #186, .T. ) ;
#1970 = ORIENTED_EDGE ( 'NONE', *, *, #16, .T. ) ;
#1971 = ORIENTED_EDGE ( 'NONE', *, *, #670, .T. ) ;
#1972 =( NAMED_UNIT ( * ) SI_UNIT ( $, .STERADIAN. ) SOLID_ANGLE_UNIT ( ) );
#1973 = SURFACE_SIDE_STYLE ('',( #1659 ) ) ;
#1974 = PRESENTATION_STYLE_ASSIGNMENT (( #1016 ) ) ;
#1975 = CARTESIAN_POINT ( 'NONE',  ( -0.5000000000000000000, 0.3000000000000000444, 0.4699999999999999734 ) ) ;
#1976 = MECHANICAL_DESIGN_GEOMETRIC_PRESENTATION_REPRESENTATION (  '', ( #1331 ), #1746 ) ;
#1977 =( NAMED_UNIT ( * ) PLANE_ANGLE_UNIT ( ) SI_UNIT ( $, .RADIAN. ) );
#1978 = DIRECTION ( 'NONE',  ( 0.000000000000000000, -1.000000000000000000, 0.000000000000000000 ) ) ;
#1979 = COLOUR_RGB ( '',0.9607843137254902244, 0.9607843137254902244, 0.9607843137254902244 ) ;
#1980 = PRESENTATION_STYLE_ASSIGNMENT (( #894 ) ) ;
#1981 = CARTESIAN_POINT ( 'NONE',  ( -0.4899999999999999911, 0.2899999999999999245, 0.4699999999999999734 ) ) ;
#1982 =( GEOMETRIC_REPRESENTATION_CONTEXT ( 3 ) GLOBAL_UNCERTAINTY_ASSIGNED_CONTEXT ( ( #527 ) ) GLOBAL_UNIT_ASSIGNED_CONTEXT ( ( #1873, #1092, #1044 ) ) REPRESENTATION_CONTEXT ( 'NONE', 'WORKASPACE' ) );
#1983 = CARTESIAN_POINT ( 'NONE',  ( -0.3649999999999999911, 0.2899999999999999800, 0.4649999999999999689 ) ) ;
#1984 = EDGE_LOOP ( 'NONE', ( #103, #1430, #1768, #359 ) ) ;
#1985 = LINE ( 'NONE', #1815, #941 ) ;
#1986 = FILL_AREA_STYLE_COLOUR ( '', #1370 ) ;
#1987 = SURFACE_STYLE_USAGE ( .BOTH. , #791 ) ;
#1988 = MECHANICAL_DESIGN_GEOMETRIC_PRESENTATION_REPRESENTATION (  '', ( #1135 ), #402 ) ;
#1989 = PRESENTATION_LAYER_ASSIGNMENT (  '', '', ( #822 ) ) ;
#1990 = AXIS2_PLACEMENT_3D ( 'NONE', #494, #1578, #1057 ) ;
#1991 = EDGE_CURVE ( 'NONE', #1436, #1406, #1733, .T. ) ;
#1992 = AXIS2_PLACEMENT_3D ( 'NONE', #1148, #45, #835 ) ;
#1993 = LINE ( 'NONE', #452, #1511 ) ;
#1994 = DIRECTION ( 'NONE',  ( 1.000000000000000000, -0.000000000000000000, -0.000000000000000000 ) ) ;
#1995 = DIRECTION ( 'NONE',  ( 1.000000000000000000, 0.000000000000000000, -0.000000000000000000 ) ) ;
#1996 = COLOUR_RGB ( '',0.2862745098039215508, 0.2862745098039215508, 0.2862745098039215508 ) ;
#1997 = CARTESIAN_POINT ( 'NONE',  ( -0.4899999999999997691, -0.2899999999999998135, 0.4649999999999999689 ) ) ;
#1998 = PRESENTATION_LAYER_ASSIGNMENT (  '', '', ( #1935 ) ) ;
#1999 = VERTEX_POINT ( 'NONE', #1896 ) ;
#2000 = SURFACE_STYLE_USAGE ( .BOTH. , #1069 ) ;
#2001 =( NAMED_UNIT ( * ) SI_UNIT ( $, .STERADIAN. ) SOLID_ANGLE_UNIT ( ) );
#2002 = PRESENTATION_STYLE_ASSIGNMENT (( #1840 ) ) ;
#2003 = EDGE_CURVE ( 'NONE', #1957, #760, #412, .T. ) ;
#2004 =( NAMED_UNIT ( * ) PLANE_ANGLE_UNIT ( ) SI_UNIT ( $, .RADIAN. ) );
#2005 = DIRECTION ( 'NONE',  ( -1.000000000000000000, -2.168404344971008375E-16, 0.000000000000000000 ) ) ;
#2006 = DIRECTION ( 'NONE',  ( 4.336808689942016750E-16, 1.000000000000000000, 0.000000000000000000 ) ) ;
#2007 = ORIENTED_EDGE ( 'NONE', *, *, #1648, .T. ) ;
#2008 = ADVANCED_FACE ( 'NONE', ( #360 ), #953, .T. ) ;
#2009 =( LENGTH_UNIT ( ) NAMED_UNIT ( * ) SI_UNIT ( .MILLI., .METRE. ) );
#2010 = FACE_OUTER_BOUND ( 'NONE', #1345, .T. ) ;
#2011 = FACE_OUTER_BOUND ( 'NONE', #476, .T. ) ;
#2012 = CARTESIAN_POINT ( 'NONE',  ( -0.4899999999999999911, 0.2899999999999999800, 0.4649999999999999689 ) ) ;
#2013 = DIRECTION ( 'NONE',  ( -1.000000000000000000, -2.168404344971008375E-16, 0.000000000000000000 ) ) ;
#2014 = FILL_AREA_STYLE_COLOUR ( '', #1933 ) ;
ENDSEC;
END-ISO-10303-21;
